Year,Site,Transect,Plot,Plant_ID,Prev_year_precip,PlotSlope,Aspect,Change_Total_Live_Culms,Change_Reproductive_culms,Change_BGDensity,Change_BGCover,Change_ShrubCover,Change_HerbCover,Init_BGCover,Init_BGDensity,Init_ShrubCover,Init_HerbCover
2021,TumamocHill,5_2,260,1,367.02,10.2,W,-14,-4,2.875,8,-5,0,25,1.6875,25,1
2022,TumamocHill,5_2,260,1,243.73,10.2,W,0,0,2.75,7,15,0.5,25,1.6875,25,1
2021,TumamocHill,5_2,260,2,367.02,10.2,W,29,3,2.875,8,-5,0,25,1.6875,25,1
2022,TumamocHill,5_2,260,2,243.73,10.2,W,17,13,2.75,7,15,0.5,25,1.6875,25,1
2021,TumamocHill,5_2,260,3,367.02,10.2,W,14,12,2.875,8,-5,0,25,1.6875,25,1
2022,TumamocHill,5_2,260,3,243.73,10.2,W,2,-5,2.75,7,15,0.5,25,1.6875,25,1
2021,TumamocHill,5_2,260,4,367.02,10.2,W,-14,-3,2.875,8,-5,0,25,1.6875,25,1
2022,TumamocHill,5_2,260,4,243.73,10.2,W,0,0,2.75,7,15,0.5,25,1.6875,25,1
2021,TumamocHill,5_2,260,5,367.02,10.2,W,9,-5,2.875,8,-5,0,25,1.6875,25,1
2022,TumamocHill,5_2,260,5,243.73,10.2,W,10,9,2.75,7,15,0.5,25,1.6875,25,1
2021,TumamocHill,5_2,260,6,367.02,10.2,W,28,20,2.875,8,-5,0,25,1.6875,25,1
2022,TumamocHill,5_2,260,6,243.73,10.2,W,1,-5,2.75,7,15,0.5,25,1.6875,25,1
2021,TumamocHill,5_2,260,7,367.02,10.2,W,27,6,2.875,8,-5,0,25,1.6875,25,1
2022,TumamocHill,5_2,260,7,243.73,10.2,W,18,19,2.75,7,15,0.5,25,1.6875,25,1
2021,TumamocHill,5_2,260,8,367.02,10.2,W,10,9,2.875,8,-5,0,25,1.6875,25,1
2022,TumamocHill,5_2,260,8,243.73,10.2,W,30,-4,2.75,7,15,0.5,25,1.6875,25,1
2021,TumamocHill,5_2,260,9,367.02,10.2,W,-3,-1,2.875,8,-5,0,25,1.6875,25,1
2022,TumamocHill,5_2,260,9,243.73,10.2,W,0,0,2.75,7,15,0.5,25,1.6875,25,1
2021,TumamocHill,5_2,260,10,367.02,10.2,W,34,7,2.875,8,-5,0,25,1.6875,25,1
2022,TumamocHill,5_2,260,10,243.73,10.2,W,17,15,2.75,7,15,0.5,25,1.6875,25,1
2021,TumamocHill,5_2,261,11,367.02,6.6,W,-5,-2,7.375,0,-3,15,40,3.125,8,6
2022,TumamocHill,5_2,261,11,243.73,6.6,W,0,0,0.0625,-10,3,-16,40,3.125,8,6
2021,TumamocHill,5_2,261,12,367.02,6.6,W,-18,-11,7.375,0,-3,15,40,3.125,8,6
2022,TumamocHill,5_2,261,12,243.73,6.6,W,0,0,0.0625,-10,3,-16,40,3.125,8,6
2021,TumamocHill,5_2,261,13,367.02,6.6,W,-17,-6,7.375,0,-3,15,40,3.125,8,6
2022,TumamocHill,5_2,261,13,243.73,6.6,W,3,3,0.0625,-10,3,-16,40,3.125,8,6
2021,TumamocHill,5_2,261,14,367.02,6.6,W,-20,-4,7.375,0,-3,15,40,3.125,8,6
2022,TumamocHill,5_2,261,14,243.73,6.6,W,8,1,0.0625,-10,3,-16,40,3.125,8,6
2021,TumamocHill,5_2,261,15,367.02,6.6,W,34,12,7.375,0,-3,15,40,3.125,8,6
2022,TumamocHill,5_2,261,15,243.73,6.6,W,20,-4,0.0625,-10,3,-16,40,3.125,8,6
2021,TumamocHill,5_2,261,16,367.02,6.6,W,11,1,7.375,0,-3,15,40,3.125,8,6
2022,TumamocHill,5_2,261,16,243.73,6.6,W,-13,-16,0.0625,-10,3,-16,40,3.125,8,6
2021,TumamocHill,5_2,261,17,367.02,6.6,W,31,14,7.375,0,-3,15,40,3.125,8,6
2022,TumamocHill,5_2,261,17,243.73,6.6,W,10,-11,0.0625,-10,3,-16,40,3.125,8,6
2021,TumamocHill,5_2,261,18,367.02,6.6,W,49,36,7.375,0,-3,15,40,3.125,8,6
2022,TumamocHill,5_2,261,18,243.73,6.6,W,2,-29,0.0625,-10,3,-16,40,3.125,8,6
2021,TumamocHill,5_2,261,19,367.02,6.6,W,-2,1,7.375,0,-3,15,40,3.125,8,6
2022,TumamocHill,5_2,261,19,243.73,6.6,W,9,0,0.0625,-10,3,-16,40,3.125,8,6
2021,TumamocHill,5_2,261,20,367.02,6.6,W,-4,6,7.375,0,-3,15,40,3.125,8,6
2022,TumamocHill,5_2,261,20,243.73,6.6,W,8,-2,0.0625,-10,3,-16,40,3.125,8,6
2021,TumamocHill,5_2,262,21,367.02,14.6,W,31,15,1.6875,20,-25,6,30,2.5,40,26
2022,TumamocHill,5_2,262,21,243.73,14.6,W,16,13,6.9375,-23,15,-19,30,2.5,40,26
2021,TumamocHill,5_2,262,22,367.02,14.6,W,-17,-10,1.6875,20,-25,6,30,2.5,40,26
2022,TumamocHill,5_2,262,22,243.73,14.6,W,0,0,6.9375,-23,15,-19,30,2.5,40,26
2021,TumamocHill,5_2,262,23,367.02,14.6,W,10,1,1.6875,20,-25,6,30,2.5,40,26
2022,TumamocHill,5_2,262,23,243.73,14.6,W,24,18,6.9375,-23,15,-19,30,2.5,40,26
2021,TumamocHill,5_2,262,24,367.02,14.6,W,32,11,1.6875,20,-25,6,30,2.5,40,26
2022,TumamocHill,5_2,262,24,243.73,14.6,W,4,4,6.9375,-23,15,-19,30,2.5,40,26
2021,TumamocHill,5_2,262,25,367.02,14.6,W,-31,-25,1.6875,20,-25,6,30,2.5,40,26
2022,TumamocHill,5_2,262,25,243.73,14.6,W,0,0,6.9375,-23,15,-19,30,2.5,40,26
2021,TumamocHill,5_2,262,26,367.02,14.6,W,-12,20,1.6875,20,-25,6,30,2.5,40,26
2022,TumamocHill,5_2,262,26,243.73,14.6,W,66,-10,6.9375,-23,15,-19,30,2.5,40,26
2021,TumamocHill,5_2,262,27,367.02,14.6,W,-10,-2,1.6875,20,-25,6,30,2.5,40,26
2022,TumamocHill,5_2,262,27,243.73,14.6,W,-20,-9,6.9375,-23,15,-19,30,2.5,40,26
2021,TumamocHill,5_2,262,28,367.02,14.6,W,-57,-28,1.6875,20,-25,6,30,2.5,40,26
2022,TumamocHill,5_2,262,28,243.73,14.6,W,28,8,6.9375,-23,15,-19,30,2.5,40,26
2021,TumamocHill,5_2,262,29,367.02,14.6,W,26,12,1.6875,20,-25,6,30,2.5,40,26
2022,TumamocHill,5_2,262,29,243.73,14.6,W,25,-10,6.9375,-23,15,-19,30,2.5,40,26
2021,TumamocHill,5_2,262,30,367.02,14.6,W,14,31,1.6875,20,-25,6,30,2.5,40,26
2022,TumamocHill,5_2,262,30,243.73,14.6,W,38,-18,6.9375,-23,15,-19,30,2.5,40,26
2021,TumamocHill,5_3,40,31,366.99,8,N,10,26,3.5,15,0,-9.5,30,5.1875,10,23
2022,TumamocHill,5_3,40,31,243.62,8,N,-2,-7,8.0625,-7,0,-11.5,30,5.1875,10,23
2021,TumamocHill,5_3,40,32,366.99,8,N,-5,0,3.5,15,0,-9.5,30,5.1875,10,23
2022,TumamocHill,5_3,40,32,243.62,8,N,0,0,8.0625,-7,0,-11.5,30,5.1875,10,23
2021,TumamocHill,5_3,40,33,366.99,8,N,-11,-2,3.5,15,0,-9.5,30,5.1875,10,23
2022,TumamocHill,5_3,40,33,243.62,8,N,0,0,8.0625,-7,0,-11.5,30,5.1875,10,23
2021,TumamocHill,5_3,40,34,366.99,8,N,22,6,3.5,15,0,-9.5,30,5.1875,10,23
2022,TumamocHill,5_3,40,34,243.62,8,N,36,19,8.0625,-7,0,-11.5,30,5.1875,10,23
2021,TumamocHill,5_3,40,35,366.99,8,N,6,10,3.5,15,0,-9.5,30,5.1875,10,23
2022,TumamocHill,5_3,40,35,243.62,8,N,41,27,8.0625,-7,0,-11.5,30,5.1875,10,23
2021,TumamocHill,5_3,40,36,366.99,8,N,1,-2,3.5,15,0,-9.5,30,5.1875,10,23
2022,TumamocHill,5_3,40,36,243.62,8,N,-5,0,8.0625,-7,0,-11.5,30,5.1875,10,23
2021,TumamocHill,5_3,40,37,366.99,8,N,-6,-2,3.5,15,0,-9.5,30,5.1875,10,23
2022,TumamocHill,5_3,40,37,243.62,8,N,29,9,8.0625,-7,0,-11.5,30,5.1875,10,23
2021,TumamocHill,5_3,40,38,366.99,8,N,20,13,3.5,15,0,-9.5,30,5.1875,10,23
2022,TumamocHill,5_3,40,38,243.62,8,N,2,-3,8.0625,-7,0,-11.5,30,5.1875,10,23
2021,TumamocHill,5_3,40,39,366.99,8,N,-6,-1,3.5,15,0,-9.5,30,5.1875,10,23
2022,TumamocHill,5_3,40,39,243.62,8,N,0,0,8.0625,-7,0,-11.5,30,5.1875,10,23
2021,TumamocHill,3_1,299,43,359.41,21.6,E,-16,-7,22.375,35,-5,3.5,30,2.1875,15,2
2021,TumamocHill,3_1,299,44,359.41,21.6,E,-22,-12,22.375,35,-5,3.5,30,2.1875,15,2
2021,TumamocHill,3_1,299,45,359.41,21.6,E,-61,-62,22.375,35,-5,3.5,30,2.1875,15,2
2021,TumamocHill,3_1,299,46,359.41,21.6,E,-46,-35,22.375,35,-5,3.5,30,2.1875,15,2
2021,TumamocHill,3_1,299,47,359.41,21.6,E,-57,-41,22.375,35,-5,3.5,30,2.1875,15,2
2021,TumamocHill,3_1,299,48,359.41,21.6,E,-10,-7,22.375,35,-5,3.5,30,2.1875,15,2
2021,TumamocHill,3_1,299,49,359.41,21.6,E,-29,-22,22.375,35,-5,3.5,30,2.1875,15,2
2021,TumamocHill,3_1,299,50,359.41,21.6,E,-10,-7,22.375,35,-5,3.5,30,2.1875,15,2
2021,TumamocHill,3_1,299,51,359.41,21.6,E,-7,-4,22.375,35,-5,3.5,30,2.1875,15,2
2021,TumamocHill,3_1,299,52,359.41,21.6,E,-47,-26,22.375,35,-5,3.5,30,2.1875,15,2
2021,TumamocHill,3_1,300,53,359.41,12,E,-52,-36,18.75,42,-7,10.5,28,3.4375,15,2
2021,TumamocHill,3_1,300,54,359.41,12,E,-14,-6,18.75,42,-7,10.5,28,3.4375,15,2
2021,TumamocHill,3_1,300,55,359.41,12,E,-12,-6,18.75,42,-7,10.5,28,3.4375,15,2
2021,TumamocHill,3_1,300,56,359.41,12,E,-7,-4,18.75,42,-7,10.5,28,3.4375,15,2
2021,TumamocHill,3_1,300,57,359.41,12,E,-15,-9,18.75,42,-7,10.5,28,3.4375,15,2
2021,TumamocHill,3_1,300,58,359.41,12,E,-23,-20,18.75,42,-7,10.5,28,3.4375,15,2
2021,TumamocHill,3_1,300,59,359.41,12,E,-12,-6,18.75,42,-7,10.5,28,3.4375,15,2
2021,TumamocHill,3_1,300,60,359.41,12,E,-18,-8,18.75,42,-7,10.5,28,3.4375,15,2
2021,TumamocHill,3_1,300,61,359.41,12,E,-13,-6,18.75,42,-7,10.5,28,3.4375,15,2
2021,TumamocHill,3_1,300,62,359.41,12,E,-20,-9,18.75,42,-7,10.5,28,3.4375,15,2
2021,TumamocHill,3_1,331,63,359.41,17.8,E,-18,-7,12.75,42,2,6.5,38,4.0625,3,1
2021,TumamocHill,3_1,331,64,359.41,17.8,E,-8,-2,12.75,42,2,6.5,38,4.0625,3,1
2021,TumamocHill,3_1,331,65,359.41,17.8,E,-64,-54,12.75,42,2,6.5,38,4.0625,3,1
2021,TumamocHill,3_1,331,66,359.41,17.8,E,0,-3,12.75,42,2,6.5,38,4.0625,3,1
2021,TumamocHill,3_1,331,67,359.41,17.8,E,-65,-45,12.75,42,2,6.5,38,4.0625,3,1
2021,TumamocHill,3_1,331,68,359.41,17.8,E,-2,0,12.75,42,2,6.5,38,4.0625,3,1
2021,TumamocHill,3_1,331,69,359.41,17.8,E,-13,-7,12.75,42,2,6.5,38,4.0625,3,1
2021,TumamocHill,3_1,331,70,359.41,17.8,E,-7,-3,12.75,42,2,6.5,38,4.0625,3,1
2021,TumamocHill,3_1,331,71,359.41,17.8,E,-11,-6,12.75,42,2,6.5,38,4.0625,3,1
2021,TumamocHill,3_1,331,72,359.41,17.8,E,-8,-5,12.75,42,2,6.5,38,4.0625,3,1
2021,TumamocHill,5_3,41,73,366.99,16.2,N,-7,-3,5.1875,21,-18,-33,12,2.9375,33,55
2022,TumamocHill,5_3,41,73,243.62,16.2,N,0,0,1.6875,-15,10,-13,12,2.9375,33,55
2021,TumamocHill,5_3,41,74,366.99,16.2,N,-5,-3,5.1875,21,-18,-33,12,2.9375,33,55
2022,TumamocHill,5_3,41,74,243.62,16.2,N,-2,0,1.6875,-15,10,-13,12,2.9375,33,55
2021,TumamocHill,5_3,41,75,366.99,16.2,N,-21,-14,5.1875,21,-18,-33,12,2.9375,33,55
2022,TumamocHill,5_3,41,75,243.62,16.2,N,0,0,1.6875,-15,10,-13,12,2.9375,33,55
2021,TumamocHill,5_3,41,76,366.99,16.2,N,23,9,5.1875,21,-18,-33,12,2.9375,33,55
2022,TumamocHill,5_3,41,76,243.62,16.2,N,29,18,1.6875,-15,10,-13,12,2.9375,33,55
2021,TumamocHill,5_3,41,78,366.99,16.2,N,-24,-9,5.1875,21,-18,-33,12,2.9375,33,55
2022,TumamocHill,5_3,41,78,243.62,16.2,N,0,0,1.6875,-15,10,-13,12,2.9375,33,55
2021,TumamocHill,5_3,41,79,366.99,16.2,N,-16,-4,5.1875,21,-18,-33,12,2.9375,33,55
2022,TumamocHill,5_3,41,79,243.62,16.2,N,0,0,1.6875,-15,10,-13,12,2.9375,33,55
2021,TumamocHill,5_3,41,80,366.99,16.2,N,7,1,5.1875,21,-18,-33,12,2.9375,33,55
2022,TumamocHill,5_3,41,80,243.62,16.2,N,2,0,1.6875,-15,10,-13,12,2.9375,33,55
2021,TumamocHill,5_3,41,81,366.99,16.2,N,53,18,5.1875,21,-18,-33,12,2.9375,33,55
2022,TumamocHill,5_3,41,81,243.62,16.2,N,9,-3,1.6875,-15,10,-13,12,2.9375,33,55
2021,TumamocHill,5_3,41,82,366.99,16.2,N,36,22,5.1875,21,-18,-33,12,2.9375,33,55
2022,TumamocHill,5_3,41,82,243.62,16.2,N,15,13,1.6875,-15,10,-13,12,2.9375,33,55
2021,TumamocHill,5_3,40,83,366.99,8,N,14,11,3.5,15,0,-9.5,30,5.1875,10,23
2022,TumamocHill,5_3,40,83,243.62,8,N,9,1,8.0625,-7,0,-11.5,30,5.1875,10,23
2021,TumamocHill,5_3,42,84,366.99,18.8,N,27,19,1.0625,7,-8,13,18,2.8125,23,15
2022,TumamocHill,5_3,42,84,243.62,18.8,N,12,3,10.5625,13,20,-17,18,2.8125,23,15
2021,TumamocHill,5_3,42,85,366.99,18.8,N,-4,0,1.0625,7,-8,13,18,2.8125,23,15
2022,TumamocHill,5_3,42,85,243.62,18.8,N,0,0,10.5625,13,20,-17,18,2.8125,23,15
2021,TumamocHill,5_3,42,86,366.99,18.8,N,-17,-6,1.0625,7,-8,13,18,2.8125,23,15
2022,TumamocHill,5_3,42,86,243.62,18.8,N,33,15,10.5625,13,20,-17,18,2.8125,23,15
2021,TumamocHill,5_3,42,87,366.99,18.8,N,-5,0,1.0625,7,-8,13,18,2.8125,23,15
2022,TumamocHill,5_3,42,87,243.62,18.8,N,0,0,10.5625,13,20,-17,18,2.8125,23,15
2021,TumamocHill,5_3,42,88,366.99,18.8,N,-7,-1,1.0625,7,-8,13,18,2.8125,23,15
2022,TumamocHill,5_3,42,88,243.62,18.8,N,0,0,10.5625,13,20,-17,18,2.8125,23,15
2021,TumamocHill,5_3,42,89,366.99,18.8,N,22,6,1.0625,7,-8,13,18,2.8125,23,15
2022,TumamocHill,5_3,42,89,243.62,18.8,N,-6,2,10.5625,13,20,-17,18,2.8125,23,15
2021,TumamocHill,5_3,42,90,366.99,18.8,N,6,4,1.0625,7,-8,13,18,2.8125,23,15
2022,TumamocHill,5_3,42,90,243.62,18.8,N,9,-3,10.5625,13,20,-17,18,2.8125,23,15
2021,TumamocHill,5_3,42,91,366.99,18.8,N,-23,-17,1.0625,7,-8,13,18,2.8125,23,15
2022,TumamocHill,5_3,42,91,243.62,18.8,N,4,3,10.5625,13,20,-17,18,2.8125,23,15
2021,TumamocHill,5_3,42,92,366.99,18.8,N,4,5,1.0625,7,-8,13,18,2.8125,23,15
2022,TumamocHill,5_3,42,92,243.62,18.8,N,24,15,10.5625,13,20,-17,18,2.8125,23,15
2021,TumamocHill,5_3,42,93,366.99,18.8,N,-13,-4,1.0625,7,-8,13,18,2.8125,23,15
2022,TumamocHill,5_3,42,93,243.62,18.8,N,0,0,10.5625,13,20,-17,18,2.8125,23,15
2021,TumamocHill,5_5,96,97,360.42,12.8,N,10,1,3.875,40,-5,2.5,50,3.8125,10,1
2022,TumamocHill,5_5,96,97,244.44,12.8,N,-10,0,0.625,-40,5,-3.5,50,3.8125,10,1
2021,TumamocHill,5_5,96,98,360.42,12.8,N,-1,-1,3.875,40,-5,2.5,50,3.8125,10,1
2022,TumamocHill,5_5,96,98,244.44,12.8,N,0,0,0.625,-40,5,-3.5,50,3.8125,10,1
2021,TumamocHill,5_5,96,99,360.42,12.8,N,43,9,3.875,40,-5,2.5,50,3.8125,10,1
2022,TumamocHill,5_5,96,99,244.44,12.8,N,-2,7,0.625,-40,5,-3.5,50,3.8125,10,1
2021,TumamocHill,5_5,96,101,360.42,12.8,N,15,-3,3.875,40,-5,2.5,50,3.8125,10,1
2022,TumamocHill,5_5,96,101,244.44,12.8,N,1,13,0.625,-40,5,-3.5,50,3.8125,10,1
2021,TumamocHill,5_5,96,102,360.42,12.8,N,33,35,3.875,40,-5,2.5,50,3.8125,10,1
2022,TumamocHill,5_5,96,102,244.44,12.8,N,17,-8,0.625,-40,5,-3.5,50,3.8125,10,1
2021,TumamocHill,5_5,96,103,360.42,12.8,N,33,25,3.875,40,-5,2.5,50,3.8125,10,1
2022,TumamocHill,5_5,96,103,244.44,12.8,N,-14,-4,0.625,-40,5,-3.5,50,3.8125,10,1
2021,TumamocHill,5_5,96,104,360.42,12.8,N,25,30,3.875,40,-5,2.5,50,3.8125,10,1
2022,TumamocHill,5_5,96,104,244.44,12.8,N,7,-12,0.625,-40,5,-3.5,50,3.8125,10,1
2021,TumamocHill,5_5,96,105,360.42,12.8,N,30,13,3.875,40,-5,2.5,50,3.8125,10,1
2022,TumamocHill,5_5,96,105,244.44,12.8,N,10,-4,0.625,-40,5,-3.5,50,3.8125,10,1
2021,TumamocHill,5_5,96,106,360.42,12.8,N,-4,-5,3.875,40,-5,2.5,50,3.8125,10,1
2022,TumamocHill,5_5,96,106,244.44,12.8,N,-1,2,0.625,-40,5,-3.5,50,3.8125,10,1
2021,TumamocHill,5_5,95,107,360.42,9.2,N,-9,2,1.6875,30,-25,2.5,60,3.75,40,1
2022,TumamocHill,5_5,95,107,244.44,9.2,N,-4,4,0.3125,-23,7,-3.5,60,3.75,40,1
2021,TumamocHill,5_5,95,108,360.42,9.2,N,-8,-3,1.6875,30,-25,2.5,60,3.75,40,1
2022,TumamocHill,5_5,95,108,244.44,9.2,N,-2,0,0.3125,-23,7,-3.5,60,3.75,40,1
2021,TumamocHill,5_5,95,109,360.42,9.2,N,38,46,1.6875,30,-25,2.5,60,3.75,40,1
2022,TumamocHill,5_5,95,109,244.44,9.2,N,2,-40,0.3125,-23,7,-3.5,60,3.75,40,1
2021,TumamocHill,5_5,95,110,360.42,9.2,N,-13,-10,1.6875,30,-25,2.5,60,3.75,40,1
2022,TumamocHill,5_5,95,110,244.44,9.2,N,4,4,0.3125,-23,7,-3.5,60,3.75,40,1
2021,TumamocHill,5_5,95,111,360.42,9.2,N,18,23,1.6875,30,-25,2.5,60,3.75,40,1
2022,TumamocHill,5_5,95,111,244.44,9.2,N,-3,-15,0.3125,-23,7,-3.5,60,3.75,40,1
2021,TumamocHill,5_5,95,112,360.42,9.2,N,-5,0,1.6875,30,-25,2.5,60,3.75,40,1
2022,TumamocHill,5_5,95,112,244.44,9.2,N,0,0,0.3125,-23,7,-3.5,60,3.75,40,1
2021,TumamocHill,5_5,95,113,360.42,9.2,N,22,-14,1.6875,30,-25,2.5,60,3.75,40,1
2022,TumamocHill,5_5,95,113,244.44,9.2,N,14,12,0.3125,-23,7,-3.5,60,3.75,40,1
2021,TumamocHill,5_5,95,114,360.42,9.2,N,15,-4,1.6875,30,-25,2.5,60,3.75,40,1
2022,TumamocHill,5_5,95,114,244.44,9.2,N,10,15,0.3125,-23,7,-3.5,60,3.75,40,1
2021,TumamocHill,5_5,95,115,360.42,9.2,N,14,20,1.6875,30,-25,2.5,60,3.75,40,1
2022,TumamocHill,5_5,95,115,244.44,9.2,N,2,-5,0.3125,-23,7,-3.5,60,3.75,40,1
2021,TumamocHill,5_5,95,116,360.42,9.2,N,-21,-8,1.6875,30,-25,2.5,60,3.75,40,1
2022,TumamocHill,5_5,95,116,244.44,9.2,N,75,32,0.3125,-23,7,-3.5,60,3.75,40,1
2021,TumamocHill,5_5,96,117,360.42,12.8,N,-3,4,3.875,40,-5,2.5,50,3.8125,10,1
2021,TumamocHill,5_5,94,118,360.42,6.6,N,31,15,0.3125,45,-10,2.5,45,2.9375,10,1
2022,TumamocHill,5_5,94,118,244.44,6.6,N,-6,-1,0.1875,-24,0.5,-3.5,45,2.9375,10,1
2021,TumamocHill,5_5,94,119,360.42,6.6,N,-10,-6,0.3125,45,-10,2.5,45,2.9375,10,1
2022,TumamocHill,5_5,94,119,244.44,6.6,N,-1,-6,0.1875,-24,0.5,-3.5,45,2.9375,10,1
2021,TumamocHill,5_5,94,120,360.42,6.6,N,43,38,0.3125,45,-10,2.5,45,2.9375,10,1
2022,TumamocHill,5_5,94,120,244.44,6.6,N,-13,-41,0.1875,-24,0.5,-3.5,45,2.9375,10,1
2021,TumamocHill,5_5,94,121,360.42,6.6,N,21,5,0.3125,45,-10,2.5,45,2.9375,10,1
2022,TumamocHill,5_5,94,121,244.44,6.6,N,10,11,0.1875,-24,0.5,-3.5,45,2.9375,10,1
2021,TumamocHill,5_5,94,122,360.42,6.6,N,1,7,0.3125,45,-10,2.5,45,2.9375,10,1
2022,TumamocHill,5_5,94,122,244.44,6.6,N,-6,-13,0.1875,-24,0.5,-3.5,45,2.9375,10,1
2021,TumamocHill,5_5,94,123,360.42,6.6,N,-17,-19,0.3125,45,-10,2.5,45,2.9375,10,1
2022,TumamocHill,5_5,94,123,244.44,6.6,N,16,-3,0.1875,-24,0.5,-3.5,45,2.9375,10,1
2021,TumamocHill,5_5,94,124,360.42,6.6,N,-5,-1,0.3125,45,-10,2.5,45,2.9375,10,1
2021,TumamocHill,5_5,94,125,360.42,6.6,N,-21,-20,0.3125,45,-10,2.5,45,2.9375,10,1
2022,TumamocHill,5_5,94,125,244.44,6.6,N,103,44,0.1875,-24,0.5,-3.5,45,2.9375,10,1
2021,TumamocHill,5_5,94,126,360.42,6.6,N,8,-6,0.3125,45,-10,2.5,45,2.9375,10,1
2022,TumamocHill,5_5,94,126,244.44,6.6,N,7,4,0.1875,-24,0.5,-3.5,45,2.9375,10,1
2021,TumamocHill,5_5,94,127,360.42,6.6,N,34,30,0.3125,45,-10,2.5,45,2.9375,10,1
2022,TumamocHill,5_5,94,127,244.44,6.6,N,26,-1,0.1875,-24,0.5,-3.5,45,2.9375,10,1
2021,TumamocHill,5_6,218,128,360.76,17,W,16,10,19.6875,30,0,10,30,4.75,0,3
2022,TumamocHill,5_6,218,128,244.38,17,W,45,-10,-15.125,-37,0,-12.5,30,4.75,0,3
2021,TumamocHill,5_6,218,129,360.76,17,W,-3,-6,19.6875,30,0,10,30,4.75,0,3
2022,TumamocHill,5_6,218,129,244.38,17,W,-6,0,-15.125,-37,0,-12.5,30,4.75,0,3
2021,TumamocHill,5_6,218,130,360.76,17,W,4,-1,19.6875,30,0,10,30,4.75,0,3
2022,TumamocHill,5_6,218,130,244.38,17,W,-5,0,-15.125,-37,0,-12.5,30,4.75,0,3
2021,TumamocHill,5_6,218,131,360.76,17,W,-6,-7,19.6875,30,0,10,30,4.75,0,3
2022,TumamocHill,5_6,218,131,244.38,17,W,-9,0,-15.125,-37,0,-12.5,30,4.75,0,3
2021,TumamocHill,5_6,218,132,360.76,17,W,-3,-6,19.6875,30,0,10,30,4.75,0,3
2022,TumamocHill,5_6,218,132,244.38,17,W,-5,0,-15.125,-37,0,-12.5,30,4.75,0,3
2021,TumamocHill,5_6,218,133,360.76,17,W,1,-3,19.6875,30,0,10,30,4.75,0,3
2022,TumamocHill,5_6,218,133,244.38,17,W,-6,0,-15.125,-37,0,-12.5,30,4.75,0,3
2021,TumamocHill,5_6,218,134,360.76,17,W,-20,-18,19.6875,30,0,10,30,4.75,0,3
2022,TumamocHill,5_6,218,134,244.38,17,W,13,-9,-15.125,-37,0,-12.5,30,4.75,0,3
2021,TumamocHill,5_6,218,135,360.76,17,W,-10,-13,19.6875,30,0,10,30,4.75,0,3
2022,TumamocHill,5_6,218,135,244.38,17,W,-4,0,-15.125,-37,0,-12.5,30,4.75,0,3
2021,TumamocHill,5_6,218,136,360.76,17,W,-17,-16,19.6875,30,0,10,30,4.75,0,3
2022,TumamocHill,5_6,218,136,244.38,17,W,0,0,-15.125,-37,0,-12.5,30,4.75,0,3
2021,TumamocHill,5_6,218,137,360.76,17,W,-2,-3,19.6875,30,0,10,30,4.75,0,3
2022,TumamocHill,5_6,218,137,244.38,17,W,-1,0,-15.125,-37,0,-12.5,30,4.75,0,3
2021,TumamocHill,5_6,219,138,360.76,16.4,W,-11,-13,11.125,35,0,8.5,40,5.375,10,3.5
2022,TumamocHill,5_6,219,138,244.38,16.4,W,-5,0,-9.75,-50,-3,-11,40,5.375,10,3.5
2021,TumamocHill,5_6,219,139,360.76,16.4,W,-16,-10,11.125,35,0,8.5,40,5.375,10,3.5
2022,TumamocHill,5_6,219,139,244.38,16.4,W,0,0,-9.75,-50,-3,-11,40,5.375,10,3.5
2021,TumamocHill,5_6,219,140,360.76,16.4,W,-6,-5,11.125,35,0,8.5,40,5.375,10,3.5
2022,TumamocHill,5_6,219,140,244.38,16.4,W,0,0,-9.75,-50,-3,-11,40,5.375,10,3.5
2021,TumamocHill,5_6,219,141,360.76,16.4,W,-8,-5,11.125,35,0,8.5,40,5.375,10,3.5
2022,TumamocHill,5_6,219,141,244.38,16.4,W,0,0,-9.75,-50,-3,-11,40,5.375,10,3.5
2021,TumamocHill,5_6,219,142,360.76,16.4,W,0,-1,11.125,35,0,8.5,40,5.375,10,3.5
2022,TumamocHill,5_6,219,142,244.38,16.4,W,-2,0,-9.75,-50,-3,-11,40,5.375,10,3.5
2021,TumamocHill,5_6,219,143,360.76,16.4,W,6,-2,11.125,35,0,8.5,40,5.375,10,3.5
2022,TumamocHill,5_6,219,143,244.38,16.4,W,-9,0,-9.75,-50,-3,-11,40,5.375,10,3.5
2021,TumamocHill,5_6,219,144,360.76,16.4,W,-10,-6,11.125,35,0,8.5,40,5.375,10,3.5
2022,TumamocHill,5_6,219,144,244.38,16.4,W,0,0,-9.75,-50,-3,-11,40,5.375,10,3.5
2021,TumamocHill,5_6,219,145,360.76,16.4,W,0,-11,11.125,35,0,8.5,40,5.375,10,3.5
2022,TumamocHill,5_6,219,145,244.38,16.4,W,-7,-2,-9.75,-50,-3,-11,40,5.375,10,3.5
2021,TumamocHill,5_6,219,146,360.76,16.4,W,-26,-29,11.125,35,0,8.5,40,5.375,10,3.5
2022,TumamocHill,5_6,219,146,244.38,16.4,W,4,0,-9.75,-50,-3,-11,40,5.375,10,3.5
2021,TumamocHill,5_6,219,147,360.76,16.4,W,-12,-11,11.125,35,0,8.5,40,5.375,10,3.5
2022,TumamocHill,5_6,219,147,244.38,16.4,W,-2,0,-9.75,-50,-3,-11,40,5.375,10,3.5
2021,TumamocHill,5_6,220,148,360.76,17.2,W,-34,-29,6.375,0,-15,-1,50,9.125,30,4
2022,TumamocHill,5_6,220,148,244.38,17.2,W,0,0,-7,-30,-5,-2.5,50,9.125,30,4
2021,TumamocHill,5_6,220,149,360.76,17.2,W,-8,-5,6.375,0,-15,-1,50,9.125,30,4
2022,TumamocHill,5_6,220,149,244.38,17.2,W,0,0,-7,-30,-5,-2.5,50,9.125,30,4
2021,TumamocHill,5_6,220,150,360.76,17.2,W,-4,-5,6.375,0,-15,-1,50,9.125,30,4
2022,TumamocHill,5_6,220,150,244.38,17.2,W,-3,0,-7,-30,-5,-2.5,50,9.125,30,4
2021,TumamocHill,5_6,220,151,360.76,17.2,W,-26,-23,6.375,0,-15,-1,50,9.125,30,4
2022,TumamocHill,5_6,220,151,244.38,17.2,W,-5,0,-7,-30,-5,-2.5,50,9.125,30,4
2021,TumamocHill,5_6,220,152,360.76,17.2,W,-5,-7,6.375,0,-15,-1,50,9.125,30,4
2022,TumamocHill,5_6,220,152,244.38,17.2,W,-4,0,-7,-30,-5,-2.5,50,9.125,30,4
2021,TumamocHill,5_6,220,153,360.76,17.2,W,-10,-9,6.375,0,-15,-1,50,9.125,30,4
2022,TumamocHill,5_6,220,153,244.38,17.2,W,-3,0,-7,-30,-5,-2.5,50,9.125,30,4
2021,TumamocHill,5_6,220,154,360.76,17.2,W,-7,-5,6.375,0,-15,-1,50,9.125,30,4
2022,TumamocHill,5_6,220,154,244.38,17.2,W,0,0,-7,-30,-5,-2.5,50,9.125,30,4
2021,TumamocHill,5_6,220,155,360.76,17.2,W,-25,-23,6.375,0,-15,-1,50,9.125,30,4
2022,TumamocHill,5_6,220,155,244.38,17.2,W,0,0,-7,-30,-5,-2.5,50,9.125,30,4
2021,TumamocHill,5_6,220,156,360.76,17.2,W,-6,-4,6.375,0,-15,-1,50,9.125,30,4
2022,TumamocHill,5_6,220,156,244.38,17.2,W,0,0,-7,-30,-5,-2.5,50,9.125,30,4
2021,TumamocHill,5_6,220,157,360.76,17.2,W,1,-2,6.375,0,-15,-1,50,9.125,30,4
2022,TumamocHill,5_6,220,157,244.38,17.2,W,-3,0,-7,-30,-5,-2.5,50,9.125,30,4
2021,TumamocHill,5_4,221,158,375.12,15.6,W,12,8,3.6875,10,0,0.5,70,3.1875,0,1
2022,TumamocHill,5_4,221,158,244.42,15.6,W,1,-11,-3,-15,0,-1.5,70,3.1875,0,1
2021,TumamocHill,5_4,221,159,375.12,15.6,W,8,0,3.6875,10,0,0.5,70,3.1875,0,1
2022,TumamocHill,5_4,221,159,244.42,15.6,W,11,-2,-3,-15,0,-1.5,70,3.1875,0,1
2021,TumamocHill,5_4,221,160,375.12,15.6,W,58,43,3.6875,10,0,0.5,70,3.1875,0,1
2022,TumamocHill,5_4,221,160,244.42,15.6,W,-4,-27,-3,-15,0,-1.5,70,3.1875,0,1
2021,TumamocHill,5_4,221,161,375.12,15.6,W,-7,-2,3.6875,10,0,0.5,70,3.1875,0,1
2022,TumamocHill,5_4,221,161,244.42,15.6,W,-1,0,-3,-15,0,-1.5,70,3.1875,0,1
2021,TumamocHill,5_4,221,162,375.12,15.6,W,-36,-32,3.6875,10,0,0.5,70,3.1875,0,1
2022,TumamocHill,5_4,221,162,244.42,15.6,W,0,-3,-3,-15,0,-1.5,70,3.1875,0,1
2021,TumamocHill,5_4,221,163,375.12,15.6,W,58,35,3.6875,10,0,0.5,70,3.1875,0,1
2022,TumamocHill,5_4,221,163,244.42,15.6,W,-2,-30,-3,-15,0,-1.5,70,3.1875,0,1
2021,TumamocHill,5_4,221,164,375.12,15.6,W,20,14,3.6875,10,0,0.5,70,3.1875,0,1
2022,TumamocHill,5_4,221,164,244.42,15.6,W,3,-1,-3,-15,0,-1.5,70,3.1875,0,1
2021,TumamocHill,5_4,221,165,375.12,22.2,W,55,35,0.25,-20,16,5,70,3.1875,0,1
2022,TumamocHill,5_4,221,165,244.42,15.6,W,21,-17,0.4375,15,-16,-6,70,3.1875,0,1
2021,TumamocHill,5_4,221,166,375.12,15.6,W,-18,-19,3.6875,10,0,0.5,70,3.1875,0,1
2022,TumamocHill,5_4,221,166,244.42,15.6,W,2,0,-3,-15,0,-1.5,70,3.1875,0,1
2021,TumamocHill,5_4,221,167,375.12,15.6,W,-5,-3,3.6875,10,0,0.5,70,3.1875,0,1
2022,TumamocHill,5_4,221,167,244.42,15.6,W,19,8,-3,-15,0,-1.5,70,3.1875,0,1
2021,TumamocHill,5_4,222,168,375.12,22.2,W,5,2,0.875,5,-9,5,45,2.5625,25,1
2022,TumamocHill,5_4,222,168,244.42,22.2,W,3,-2,-0.4375,-20,2,-6,45,2.5625,25,1
2021,TumamocHill,5_4,222,169,375.12,15.6,W,27,22,4.3125,35,-25,0.5,45,2.5625,25,1
2022,TumamocHill,5_4,222,169,244.42,22.2,W,-25,-19,-3.875,-50,18,-1.5,45,2.5625,25,1
2021,TumamocHill,5_4,222,170,375.12,22.2,W,63,59,0.875,5,-9,5,45,2.5625,25,1
2022,TumamocHill,5_4,222,170,244.42,22.2,W,27,-8,-0.4375,-20,2,-6,45,2.5625,25,1
2021,TumamocHill,5_4,222,171,375.12,22.2,W,59,41,0.875,5,-9,5,45,2.5625,25,1
2022,TumamocHill,5_4,222,171,244.42,22.2,W,-23,-31,-0.4375,-20,2,-6,45,2.5625,25,1
2021,TumamocHill,5_4,222,172,375.12,22.2,W,38,35,0.875,5,-9,5,45,2.5625,25,1
2022,TumamocHill,5_4,222,172,244.42,22.2,W,-9,-26,-0.4375,-20,2,-6,45,2.5625,25,1
2021,TumamocHill,5_4,222,174,375.12,22.2,W,51,41,0.875,5,-9,5,45,2.5625,25,1
2022,TumamocHill,5_4,222,174,244.42,22.2,W,0,-15,-0.4375,-20,2,-6,45,2.5625,25,1
2021,TumamocHill,5_4,222,175,375.12,22.2,W,3,1,0.875,5,-9,5,45,2.5625,25,1
2022,TumamocHill,5_4,222,175,244.42,22.2,W,1,1,-0.4375,-20,2,-6,45,2.5625,25,1
2021,TumamocHill,5_4,222,176,375.12,22.2,W,56,25,0.875,5,-9,5,45,2.5625,25,1
2022,TumamocHill,5_4,222,176,244.42,22.2,W,-36,-45,-0.4375,-20,2,-6,45,2.5625,25,1
2021,TumamocHill,5_4,222,177,375.12,22.2,W,28,13,0.875,5,-9,5,45,2.5625,25,1
2022,TumamocHill,5_4,222,177,244.42,22.2,W,-16,-17,-0.4375,-20,2,-6,45,2.5625,25,1
2021,TumamocHill,5_4,223,178,375.12,19.4,W,18,22,1.3125,30,-8,2,60,3.4375,20,1
2022,TumamocHill,5_4,223,178,244.42,19.4,W,-18,-22,-1.25,-35,-2,-3,60,3.4375,20,1
2021,TumamocHill,5_4,223,179,375.12,19.4,W,23,38,1.3125,30,-8,2,60,3.4375,20,1
2022,TumamocHill,5_4,223,179,244.42,19.4,W,-36,-40,-1.25,-35,-2,-3,60,3.4375,20,1
2021,TumamocHill,5_4,223,180,375.12,19.4,W,17,17,1.3125,30,-8,2,60,3.4375,20,1
2022,TumamocHill,5_4,223,180,244.42,19.4,W,-28,-27,-1.25,-35,-2,-3,60,3.4375,20,1
2021,TumamocHill,5_4,223,181,375.12,19.4,W,3,9,1.3125,30,-8,2,60,3.4375,20,1
2022,TumamocHill,5_4,223,181,244.42,19.4,W,-17,-31,-1.25,-35,-2,-3,60,3.4375,20,1
2021,TumamocHill,5_4,223,182,375.12,19.4,W,4,10,1.3125,30,-8,2,60,3.4375,20,1
2022,TumamocHill,5_4,223,182,244.42,19.4,W,-4,-15,-1.25,-35,-2,-3,60,3.4375,20,1
2021,TumamocHill,5_4,223,183,375.12,19.4,W,4,1,1.3125,30,-8,2,60,3.4375,20,1
2022,TumamocHill,5_4,223,183,244.42,19.4,W,-5,-2,-1.25,-35,-2,-3,60,3.4375,20,1
2021,TumamocHill,5_4,223,184,375.12,19.4,W,39,27,1.3125,30,-8,2,60,3.4375,20,1
2022,TumamocHill,5_4,223,184,244.42,19.4,W,11,3,-1.25,-35,-2,-3,60,3.4375,20,1
2021,TumamocHill,5_4,223,185,375.12,19.4,W,30,29,1.3125,30,-8,2,60,3.4375,20,1
2022,TumamocHill,5_4,223,185,244.42,19.4,W,-24,-25,-1.25,-35,-2,-3,60,3.4375,20,1
2021,TumamocHill,5_4,223,186,375.12,19.4,W,78,59,1.3125,30,-8,2,60,3.4375,20,1
2022,TumamocHill,5_4,223,186,244.42,19.4,W,-6,-17,-1.25,-35,-2,-3,60,3.4375,20,1
2021,TumamocHill,5_4,223,187,375.12,19.4,W,45,26,1.3125,30,-8,2,60,3.4375,20,1
2022,TumamocHill,5_4,223,187,244.42,19.4,W,-9,-24,-1.25,-35,-2,-3,60,3.4375,20,1
2021,TumamocHill,4_3,257,188,373.68,31.6,S,-10,-8,7.9375,25,-6,9,25,3.4375,15,1
2021,TumamocHill,4_3,257,189,373.68,31.6,S,-15,-11,7.9375,25,-6,9,25,3.4375,15,1
2021,TumamocHill,4_3,257,193,373.68,31.6,S,-26,-22,7.9375,25,-6,9,25,3.4375,15,1
2021,TumamocHill,4_3,257,194,373.68,31.6,S,-21,-21,7.9375,25,-6,9,25,3.4375,15,1
2021,TumamocHill,4_3,257,195,373.68,31.6,S,-35,-17,7.9375,25,-6,9,25,3.4375,15,1
2021,TumamocHill,4_3,257,196,373.68,31.6,S,-18,-12,7.9375,25,-6,9,25,3.4375,15,1
2021,TumamocHill,4_3,257,197,373.68,31.6,S,-20,-10,7.9375,25,-6,9,25,3.4375,15,1
2021,TumamocHill,4_3,258,198,373.68,25,S,-17,-15,7.625,10,-2,5.5,25,2.5,25,0.5
2021,TumamocHill,4_3,258,199,373.68,25,S,-41,-37,7.625,10,-2,5.5,25,2.5,25,0.5
2021,TumamocHill,4_3,258,200,373.68,25,S,-6,-5,7.625,10,-2,5.5,25,2.5,25,0.5
2021,TumamocHill,4_3,258,201,373.68,25,S,-49,-38,7.625,10,-2,5.5,25,2.5,25,0.5
2021,TumamocHill,4_3,258,202,373.68,25,S,2,-7,7.625,10,-2,5.5,25,2.5,25,0.5
2021,TumamocHill,4_3,258,203,373.68,25,S,-22,-19,7.625,10,-2,5.5,25,2.5,25,0.5
2021,TumamocHill,4_3,258,204,373.68,25,S,-69,-53,7.625,10,-2,5.5,25,2.5,25,0.5
2021,TumamocHill,4_3,258,205,373.68,25,S,16,-1,7.625,10,-2,5.5,25,2.5,25,0.5
2021,TumamocHill,4_3,258,206,373.68,25,S,-20,-18,7.625,10,-2,5.5,25,2.5,25,0.5
2021,TumamocHill,4_3,258,207,373.68,25,S,7,-1,7.625,10,-2,5.5,25,2.5,25,0.5
2021,TumamocHill,4_3,259,208,373.68,24,S,4,-3,6.625,11,0,1,25,4,25,0
2021,TumamocHill,4_3,259,209,373.68,24,S,-5,-3,6.625,11,0,1,25,4,25,0
2021,TumamocHill,4_3,259,210,373.68,24,S,-13,-10,6.625,11,0,1,25,4,25,0
2021,TumamocHill,4_3,259,211,373.68,24,S,-56,-37,6.625,11,0,1,25,4,25,0
2021,TumamocHill,4_3,259,212,373.68,24,S,2,-4,6.625,11,0,1,25,4,25,0
2021,TumamocHill,4_3,259,213,373.68,24,S,5,-1,6.625,11,0,1,25,4,25,0
2021,TumamocHill,4_3,259,214,373.68,24,S,-39,-42,6.625,11,0,1,25,4,25,0
2021,TumamocHill,4_3,259,215,373.68,24,S,-10,-7,6.625,11,0,1,25,4,25,0
2021,TumamocHill,4_3,259,216,373.68,24,S,-54,-46,6.625,11,0,1,25,4,25,0
2021,TumamocHill,4_3,259,217,373.68,24,S,-22,-32,6.625,11,0,1,25,4,25,0
2021,TumamocHill,3_3,254,224,359.52,13.4,E,-12,-11,26.6875,25,5,13,25,2.5625,10,2
2021,TumamocHill,3_3,254,225,359.52,13.4,E,-28,-13,26.6875,25,5,13,25,2.5625,10,2
2021,TumamocHill,3_3,254,226,359.52,13.4,E,-43,-26,26.6875,25,5,13,25,2.5625,10,2
2021,TumamocHill,3_3,254,227,359.52,13.4,E,-11,-5,26.6875,25,5,13,25,2.5625,10,2
2021,TumamocHill,3_3,254,228,359.52,13.4,E,-17,-11,26.6875,25,5,13,25,2.5625,10,2
2021,TumamocHill,3_3,254,229,359.52,13.4,E,-16,-3,26.6875,25,5,13,25,2.5625,10,2
2021,TumamocHill,3_3,254,230,359.52,13.4,E,-36,-22,26.6875,25,5,13,25,2.5625,10,2
2021,TumamocHill,3_3,254,231,359.52,13.4,E,-10,-3,26.6875,25,5,13,25,2.5625,10,2
2021,TumamocHill,3_3,254,232,359.52,13.4,E,-51,-25,26.6875,25,5,13,25,2.5625,10,2
2021,TumamocHill,3_3,254,233,359.52,13.4,E,-43,-21,26.6875,25,5,13,25,2.5625,10,2
2021,TumamocHill,3_3,255,234,359.52,11.8,E,-20,-8,26.375,20,5,25,30,4.375,5,1
2021,TumamocHill,3_3,255,235,359.52,11.8,E,-17,-10,26.375,20,5,25,30,4.375,5,1
2021,TumamocHill,3_3,255,236,359.52,11.8,E,-7,-4,26.375,20,5,25,30,4.375,5,1
2021,TumamocHill,3_3,255,237,359.52,11.8,E,-25,-15,26.375,20,5,25,30,4.375,5,1
2021,TumamocHill,3_3,255,238,359.52,11.8,E,-6,-2,26.375,20,5,25,30,4.375,5,1
2021,TumamocHill,3_3,255,239,359.52,11.8,E,-19,-10,26.375,20,5,25,30,4.375,5,1
2021,TumamocHill,3_3,255,240,359.52,11.8,E,-7,-2,26.375,20,5,25,30,4.375,5,1
2021,TumamocHill,3_3,255,241,359.52,11.8,E,-12,-8,26.375,20,5,25,30,4.375,5,1
2021,TumamocHill,3_3,255,242,359.52,11.8,E,-13,-10,26.375,20,5,25,30,4.375,5,1
2021,TumamocHill,3_3,255,243,359.52,11.8,E,-58,-43,26.375,20,5,25,30,4.375,5,1
2021,TumamocHill,3_3,256,244,359.52,12.8,E,-37,-29,32.0625,35,-2,27.5,30,3.9375,15,0.5
2021,TumamocHill,3_3,256,245,359.52,12.8,E,-23,-13,32.0625,35,-2,27.5,30,3.9375,15,0.5
2021,TumamocHill,3_3,256,246,359.52,12.8,E,-4,-1,32.0625,35,-2,27.5,30,3.9375,15,0.5
2021,TumamocHill,3_3,256,247,359.52,12.8,E,-18,-12,32.0625,35,-2,27.5,30,3.9375,15,0.5
2021,TumamocHill,3_3,256,248,359.52,12.8,E,-39,-20,32.0625,35,-2,27.5,30,3.9375,15,0.5
2021,TumamocHill,3_3,256,249,359.52,12.8,E,-11,-7,32.0625,35,-2,27.5,30,3.9375,15,0.5
2021,TumamocHill,3_3,256,250,359.52,12.8,E,-6,-12,32.0625,35,-2,27.5,30,3.9375,15,0.5
2021,TumamocHill,3_3,256,251,359.52,12.8,E,-28,-6,32.0625,35,-2,27.5,30,3.9375,15,0.5
2021,TumamocHill,3_3,256,252,359.52,12.8,E,-6,-2,32.0625,35,-2,27.5,30,3.9375,15,0.5
2021,TumamocHill,3_3,256,253,359.52,12.8,E,-3,-5,32.0625,35,-2,27.5,30,3.9375,15,0.5
2021,TumamocHill,4_1,263,266,373.85,11.8,S,-38,-87,7.8125,-40,-3,0,80,3.0625,3,1
2022,TumamocHill,4_1,263,266,263.58,11.8,S,34,48,-3.6875,15,5,-1,80,3.0625,3,1
2021,TumamocHill,4_1,263,267,373.85,11.8,S,1,-29,7.8125,-40,-3,0,80,3.0625,3,1
2022,TumamocHill,4_1,263,267,263.58,11.8,S,0,20,-3.6875,15,5,-1,80,3.0625,3,1
2021,TumamocHill,4_1,263,268,373.85,11.8,S,-11,-12,7.8125,-40,-3,0,80,3.0625,3,1
2022,TumamocHill,4_1,263,268,263.58,11.8,S,1,1,-3.6875,15,5,-1,80,3.0625,3,1
2021,TumamocHill,4_1,263,269,373.85,11.8,S,-30,-25,7.8125,-40,-3,0,80,3.0625,3,1
2022,TumamocHill,4_1,263,269,263.58,11.8,S,-1,0,-3.6875,15,5,-1,80,3.0625,3,1
2021,TumamocHill,4_1,263,270,373.85,11.8,S,23,-29,7.8125,-40,-3,0,80,3.0625,3,1
2022,TumamocHill,4_1,263,270,263.58,11.8,S,8,37,-3.6875,15,5,-1,80,3.0625,3,1
2021,TumamocHill,4_1,263,271,373.85,11.8,S,3,-21,7.8125,-40,-3,0,80,3.0625,3,1
2022,TumamocHill,4_1,263,271,263.58,11.8,S,-24,-4,-3.6875,15,5,-1,80,3.0625,3,1
2021,TumamocHill,4_1,263,272,373.85,11.8,S,8,-31,7.8125,-40,-3,0,80,3.0625,3,1
2022,TumamocHill,4_1,263,272,263.58,11.8,S,26,20,-3.6875,15,5,-1,80,3.0625,3,1
2021,TumamocHill,4_1,263,273,373.85,11.8,S,-14,-10,7.8125,-40,-3,0,80,3.0625,3,1
2022,TumamocHill,4_1,263,273,263.58,11.8,S,0,0,-3.6875,15,5,-1,80,3.0625,3,1
2021,TumamocHill,4_1,263,274,373.85,11.8,S,6,-25,7.8125,-40,-3,0,80,3.0625,3,1
2022,TumamocHill,4_1,263,274,263.58,11.8,S,13,23,-3.6875,15,5,-1,80,3.0625,3,1
2021,TumamocHill,4_1,263,275,373.85,11.8,S,-9,-20,7.8125,-40,-3,0,80,3.0625,3,1
2022,TumamocHill,4_1,263,275,263.58,11.8,S,33,19,-3.6875,15,5,-1,80,3.0625,3,1
2021,TumamocHill,4_1,264,276,373.85,13.8,S,-29,-19,11.9375,8,5,1,12,2,10,1.5
2022,TumamocHill,4_1,264,276,263.58,13.8,S,0,0,-8.0625,-8,4,1,12,2,10,1.5
2021,TumamocHill,4_1,264,277,373.85,13.8,S,-27,-17,11.9375,8,5,1,12,2,10,1.5
2022,TumamocHill,4_1,264,277,263.58,13.8,S,-1,3,-8.0625,-8,4,1,12,2,10,1.5
2021,TumamocHill,4_1,264,278,373.85,13.8,S,38,19,11.9375,8,5,1,12,2,10,1.5
2022,TumamocHill,4_1,264,278,263.58,13.8,S,38,23,-8.0625,-8,4,1,12,2,10,1.5
2021,TumamocHill,4_1,264,279,373.85,13.8,S,-6,-1,11.9375,8,5,1,12,2,10,1.5
2022,TumamocHill,4_1,264,279,263.58,13.8,S,1,-6,-8.0625,-8,4,1,12,2,10,1.5
2021,TumamocHill,4_1,264,280,373.85,13.8,S,-69,-43,11.9375,8,5,1,12,2,10,1.5
2022,TumamocHill,4_1,264,280,263.58,13.8,S,13,2,-8.0625,-8,4,1,12,2,10,1.5
2021,TumamocHill,4_1,264,281,373.85,13.8,S,-13,-13,11.9375,8,5,1,12,2,10,1.5
2022,TumamocHill,4_1,264,281,263.58,13.8,S,-10,0,-8.0625,-8,4,1,12,2,10,1.5
2021,TumamocHill,4_1,264,282,373.85,13.8,S,-11,-2,11.9375,8,5,1,12,2,10,1.5
2022,TumamocHill,4_1,264,282,263.58,13.8,S,-1,0,-8.0625,-8,4,1,12,2,10,1.5
2021,TumamocHill,4_1,264,283,373.85,13.8,S,-5,-1,11.9375,8,5,1,12,2,10,1.5
2022,TumamocHill,4_1,264,283,263.58,13.8,S,0,0,-8.0625,-8,4,1,12,2,10,1.5
2021,TumamocHill,4_1,264,284,373.85,13.8,S,-1,-16,11.9375,8,5,1,12,2,10,1.5
2022,TumamocHill,4_1,264,284,263.58,13.8,S,-16,0,-8.0625,-8,4,1,12,2,10,1.5
2021,TumamocHill,4_1,264,285,373.85,13.8,S,-16,-9,11.9375,8,5,1,12,2,10,1.5
2022,TumamocHill,4_1,264,285,263.58,13.8,S,0,0,-8.0625,-8,4,1,12,2,10,1.5
2021,TumamocHill,4_1,265,286,373.85,11.4,S,-17,-12,27.1875,-5,-3,1,30,3.9375,18,1
2022,TumamocHill,4_1,265,286,263.58,11.4,S,0,0,-23.4375,-10,0,2,30,3.9375,18,1
2021,TumamocHill,4_1,265,287,373.85,11.4,S,-11,-11,27.1875,-5,-3,1,30,3.9375,18,1
2022,TumamocHill,4_1,265,287,263.58,11.4,S,-3,0,-23.4375,-10,0,2,30,3.9375,18,1
2021,TumamocHill,4_1,265,288,373.85,11.4,S,4,-3,27.1875,-5,-3,1,30,3.9375,18,1
2022,TumamocHill,4_1,265,288,263.58,11.4,S,-9,0,-23.4375,-10,0,2,30,3.9375,18,1
2021,TumamocHill,4_1,265,289,373.85,11.4,S,-19,-15,27.1875,-5,-3,1,30,3.9375,18,1
2022,TumamocHill,4_1,265,289,263.58,11.4,S,-5,0,-23.4375,-10,0,2,30,3.9375,18,1
2021,TumamocHill,4_1,265,290,373.85,11.4,S,-4,-6,27.1875,-5,-3,1,30,3.9375,18,1
2022,TumamocHill,4_1,265,290,263.58,11.4,S,-4,0,-23.4375,-10,0,2,30,3.9375,18,1
2021,TumamocHill,4_1,265,291,373.85,11.4,S,-10,-11,27.1875,-5,-3,1,30,3.9375,18,1
2022,TumamocHill,4_1,265,291,263.58,11.4,S,10,4,-23.4375,-10,0,2,30,3.9375,18,1
2021,TumamocHill,4_1,265,292,373.85,11.4,S,4,-7,27.1875,-5,-3,1,30,3.9375,18,1
2022,TumamocHill,4_1,265,292,263.58,11.4,S,9,-8,-23.4375,-10,0,2,30,3.9375,18,1
2021,TumamocHill,4_1,265,293,373.85,11.4,S,-9,-11,27.1875,-5,-3,1,30,3.9375,18,1
2022,TumamocHill,4_1,265,293,263.58,11.4,S,33,13,-23.4375,-10,0,2,30,3.9375,18,1
2021,TumamocHill,4_1,265,294,373.85,11.4,S,10,0,27.1875,-5,-3,1,30,3.9375,18,1
2022,TumamocHill,4_1,265,294,263.58,11.4,S,38,25,-23.4375,-10,0,2,30,3.9375,18,1
2021,TumamocHill,4_1,265,295,373.85,11.4,S,-11,-11,27.1875,-5,-3,1,30,3.9375,18,1
2022,TumamocHill,4_1,265,295,263.58,11.4,S,-10,0,-23.4375,-10,0,2,30,3.9375,18,1
2021,TumamocHill,4_2,296,301,373.91,8,S,8,7,-2,-5,-12,-12,65,6.4375,30,18
2022,TumamocHill,4_2,296,301,263.63,8,S,15,-3,0.6875,-8,-1,-4,65,6.4375,30,18
2021,TumamocHill,4_2,296,302,373.91,8,S,-3,1,-2,-5,-12,-12,65,6.4375,30,18
2022,TumamocHill,4_2,296,302,263.63,8,S,4,3,0.6875,-8,-1,-4,65,6.4375,30,18
2021,TumamocHill,4_2,296,303,373.91,8,S,4,-17,-2,-5,-12,-12,65,6.4375,30,18
2022,TumamocHill,4_2,296,303,263.63,8,S,16,12,0.6875,-8,-1,-4,65,6.4375,30,18
2021,TumamocHill,4_2,296,304,373.91,8,S,6,-1,-2,-5,-12,-12,65,6.4375,30,18
2022,TumamocHill,4_2,296,304,263.63,8,S,-3,0,0.6875,-8,-1,-4,65,6.4375,30,18
2021,TumamocHill,4_2,296,305,373.91,8,S,-3,-2,-2,-5,-12,-12,65,6.4375,30,18
2022,TumamocHill,4_2,296,305,263.63,8,S,7,2,0.6875,-8,-1,-4,65,6.4375,30,18
2021,TumamocHill,4_2,296,306,373.91,8,S,17,-21,-2,-5,-12,-12,65,6.4375,30,18
2022,TumamocHill,4_2,296,306,263.63,8,S,-12,-11,0.6875,-8,-1,-4,65,6.4375,30,18
2021,TumamocHill,4_2,296,307,373.91,8,S,3,-4,-2,-5,-12,-12,65,6.4375,30,18
2022,TumamocHill,4_2,296,307,263.63,8,S,15,3,0.6875,-8,-1,-4,65,6.4375,30,18
2021,TumamocHill,4_2,296,308,373.91,8,S,15,-23,-2,-5,-12,-12,65,6.4375,30,18
2022,TumamocHill,4_2,296,308,263.63,8,S,7,3,0.6875,-8,-1,-4,65,6.4375,30,18
2021,TumamocHill,4_2,296,309,373.91,8,S,26,-10,-2,-5,-12,-12,65,6.4375,30,18
2022,TumamocHill,4_2,296,309,263.63,8,S,-10,6,0.6875,-8,-1,-4,65,6.4375,30,18
2021,TumamocHill,4_2,296,310,373.91,8,S,-13,-5,-2,-5,-12,-12,65,6.4375,30,18
2022,TumamocHill,4_2,296,310,263.63,8,S,0,0,0.6875,-8,-1,-4,65,6.4375,30,18
2021,TumamocHill,4_2,297,311,373.91,9.2,S,17,14,0.75,-15,0,8.5,90,6.375,8,2
2022,TumamocHill,4_2,297,311,263.63,9.2,S,13,-16,0.5625,-20,-1,-10,90,6.375,8,2
2021,TumamocHill,4_2,297,312,373.91,9.2,S,-40,-15,0.75,-15,0,8.5,90,6.375,8,2
2022,TumamocHill,4_2,297,312,263.63,9.2,S,8,2,0.5625,-20,-1,-10,90,6.375,8,2
2021,TumamocHill,4_2,297,313,373.91,9.2,S,4,2,0.75,-15,0,8.5,90,6.375,8,2
2022,TumamocHill,4_2,297,313,263.63,9.2,S,1,-2,0.5625,-20,-1,-10,90,6.375,8,2
2021,TumamocHill,4_2,297,314,373.91,9.2,S,-62,-27,0.75,-15,0,8.5,90,6.375,8,2
2022,TumamocHill,4_2,297,314,263.63,9.2,S,-1,-8,0.5625,-20,-1,-10,90,6.375,8,2
2021,TumamocHill,4_2,297,315,373.91,9.2,S,-1,3,0.75,-15,0,8.5,90,6.375,8,2
2022,TumamocHill,4_2,297,315,263.63,9.2,S,5,-5,0.5625,-20,-1,-10,90,6.375,8,2
2021,TumamocHill,4_2,297,316,373.91,9.2,S,-45,-13,0.75,-15,0,8.5,90,6.375,8,2
2022,TumamocHill,4_2,297,316,263.63,9.2,S,9,-8,0.5625,-20,-1,-10,90,6.375,8,2
2021,TumamocHill,4_2,297,317,373.91,9.2,S,-5,-4,0.75,-15,0,8.5,90,6.375,8,2
2022,TumamocHill,4_2,297,317,263.63,9.2,S,-27,-8,0.5625,-20,-1,-10,90,6.375,8,2
2021,TumamocHill,4_2,297,318,373.91,9.2,S,-15,-6,0.75,-15,0,8.5,90,6.375,8,2
2022,TumamocHill,4_2,297,318,263.63,9.2,S,0,0,0.5625,-20,-1,-10,90,6.375,8,2
2021,TumamocHill,4_2,297,319,373.91,9.2,S,-25,-5,0.75,-15,0,8.5,90,6.375,8,2
2022,TumamocHill,4_2,297,319,263.63,9.2,S,4,3,0.5625,-20,-1,-10,90,6.375,8,2
2021,TumamocHill,4_2,297,320,373.91,9.2,S,-13,-3,0.75,-15,0,8.5,90,6.375,8,2
2022,TumamocHill,4_2,297,320,263.63,9.2,S,0,0,0.5625,-20,-1,-10,90,6.375,8,2
2021,TumamocHill,4_2,298,321,373.91,4.4,S,-9,-2,-0.6875,-30,5,9,50,4.0625,25,1.5
2022,TumamocHill,4_2,298,321,263.63,4.4,S,0,0,0.875,13,-7,-5.5,50,4.0625,25,1.5
2021,TumamocHill,4_2,298,322,373.91,4.4,S,-9,-1,-0.6875,-30,5,9,50,4.0625,25,1.5
2022,TumamocHill,4_2,298,322,263.63,4.4,S,4,-2,0.875,13,-7,-5.5,50,4.0625,25,1.5
2021,TumamocHill,4_2,298,323,373.91,4.4,S,-11,2,-0.6875,-30,5,9,50,4.0625,25,1.5
2022,TumamocHill,4_2,298,323,263.63,4.4,S,12,-7,0.875,13,-7,-5.5,50,4.0625,25,1.5
2021,TumamocHill,4_2,298,324,373.91,4.4,S,-17,-5,-0.6875,-30,5,9,50,4.0625,25,1.5
2022,TumamocHill,4_2,298,324,263.63,4.4,S,0,0,0.875,13,-7,-5.5,50,4.0625,25,1.5
2021,TumamocHill,4_2,298,325,373.91,4.4,S,10,5,-0.6875,-30,5,9,50,4.0625,25,1.5
2022,TumamocHill,4_2,298,325,263.63,4.4,S,-1,-10,0.875,13,-7,-5.5,50,4.0625,25,1.5
2021,TumamocHill,4_2,298,326,373.91,4.4,S,52,25,-0.6875,-30,5,9,50,4.0625,25,1.5
2022,TumamocHill,4_2,298,326,263.63,4.4,S,-8,-16,0.875,13,-7,-5.5,50,4.0625,25,1.5
2021,TumamocHill,4_2,298,327,373.91,4.4,S,-37,-10,-0.6875,-30,5,9,50,4.0625,25,1.5
2022,TumamocHill,4_2,298,327,263.63,4.4,S,0,0,0.875,13,-7,-5.5,50,4.0625,25,1.5
2021,TumamocHill,4_2,298,328,373.91,4.4,S,32,3,-0.6875,-30,5,9,50,4.0625,25,1.5
2022,TumamocHill,4_2,298,328,263.63,4.4,S,27,9,0.875,13,-7,-5.5,50,4.0625,25,1.5
2021,TumamocHill,4_2,298,329,373.91,4.4,S,-22,-4,-0.6875,-30,5,9,50,4.0625,25,1.5
2022,TumamocHill,4_2,298,329,263.63,4.4,S,27,-8,0.875,13,-7,-5.5,50,4.0625,25,1.5
2021,TumamocHill,4_2,298,330,373.91,4.4,S,14,-5,-0.6875,-30,5,9,50,4.0625,25,1.5
2022,TumamocHill,4_2,298,330,263.63,4.4,S,13,10,0.875,13,-7,-5.5,50,4.0625,25,1.5
2021,TumamocHill,5_1,362,332,374.99,17.4,N,16,2,2.375,-15,-25,10,55,4.0625,40,4
2022,TumamocHill,5_1,362,332,245.03,17.4,N,-19,6,3.375,-7,2,-8,55,4.0625,40,4
2021,TumamocHill,5_1,362,333,374.99,17.4,N,-6,-1,2.375,-15,-25,10,55,4.0625,40,4
2022,TumamocHill,5_1,362,333,245.03,17.4,N,0,0,3.375,-7,2,-8,55,4.0625,40,4
2021,TumamocHill,5_1,362,334,374.99,17.4,N,23,0,2.375,-15,-25,10,55,4.0625,40,4
2022,TumamocHill,5_1,362,334,245.03,17.4,N,-25,5,3.375,-7,2,-8,55,4.0625,40,4
2021,TumamocHill,5_1,362,335,374.99,17.4,N,5,1,2.375,-15,-25,10,55,4.0625,40,4
2022,TumamocHill,5_1,362,335,245.03,17.4,N,-14,2,3.375,-7,2,-8,55,4.0625,40,4
2021,TumamocHill,5_1,362,336,374.99,17.4,N,35,10,2.375,-15,-25,10,55,4.0625,40,4
2022,TumamocHill,5_1,362,336,245.03,17.4,N,-19,30,3.375,-7,2,-8,55,4.0625,40,4
2021,TumamocHill,5_1,362,337,374.99,17.4,N,22,7,2.375,-15,-25,10,55,4.0625,40,4
2022,TumamocHill,5_1,362,337,245.03,17.4,N,-17,7,3.375,-7,2,-8,55,4.0625,40,4
2021,TumamocHill,5_1,362,338,374.99,17.4,N,8,-2,2.375,-15,-25,10,55,4.0625,40,4
2022,TumamocHill,5_1,362,338,245.03,17.4,N,-12,3,3.375,-7,2,-8,55,4.0625,40,4
2021,TumamocHill,5_1,362,339,374.99,17.4,N,-7,0,2.375,-15,-25,10,55,4.0625,40,4
2022,TumamocHill,5_1,362,339,245.03,17.4,N,0,0,3.375,-7,2,-8,55,4.0625,40,4
2021,TumamocHill,5_1,362,340,374.99,17.4,N,9,-1,2.375,-15,-25,10,55,4.0625,40,4
2022,TumamocHill,5_1,362,340,245.03,17.4,N,-12,8,3.375,-7,2,-8,55,4.0625,40,4
2021,TumamocHill,5_1,362,341,374.99,17.4,N,-20,-9,2.375,-15,-25,10,55,4.0625,40,4
2022,TumamocHill,5_1,362,341,245.03,17.4,N,-1,3,3.375,-7,2,-8,55,4.0625,40,4
2021,TumamocHill,5_1,363,342,374.99,22.4,N,2,1,2.125,0,-24,23,20,3.75,40,9
2022,TumamocHill,5_1,363,342,245.03,22.4,N,12,6,3.4375,5,4,-16,20,3.75,40,9
2021,TumamocHill,5_1,363,343,374.99,22.4,N,-11,-22,2.125,0,-24,23,20,3.75,40,9
2022,TumamocHill,5_1,363,343,245.03,22.4,N,19,12,3.4375,5,4,-16,20,3.75,40,9
2021,TumamocHill,5_1,363,344,374.99,22.4,N,-6,0,2.125,0,-24,23,20,3.75,40,9
2022,TumamocHill,5_1,363,344,245.03,22.4,N,0,0,3.4375,5,4,-16,20,3.75,40,9
2021,TumamocHill,5_1,363,345,374.99,22.4,N,-16,-13,2.125,0,-24,23,20,3.75,40,9
2022,TumamocHill,5_1,363,345,245.03,22.4,N,0,-4,3.4375,5,4,-16,20,3.75,40,9
2021,TumamocHill,5_1,363,346,374.99,22.4,N,-4,-1,2.125,0,-24,23,20,3.75,40,9
2022,TumamocHill,5_1,363,346,245.03,22.4,N,0,0,3.4375,5,4,-16,20,3.75,40,9
2021,TumamocHill,5_1,363,347,374.99,22.4,N,-30,-19,2.125,0,-24,23,20,3.75,40,9
2022,TumamocHill,5_1,363,347,245.03,22.4,N,9,0,3.4375,5,4,-16,20,3.75,40,9
2021,TumamocHill,5_1,363,348,374.99,22.4,N,-14,-13,2.125,0,-24,23,20,3.75,40,9
2022,TumamocHill,5_1,363,348,245.03,22.4,N,10,9,3.4375,5,4,-16,20,3.75,40,9
2021,TumamocHill,5_1,363,349,374.99,22.4,N,-1,-2,2.125,0,-24,23,20,3.75,40,9
2022,TumamocHill,5_1,363,349,245.03,22.4,N,1,3,3.4375,5,4,-16,20,3.75,40,9
2021,TumamocHill,5_1,363,350,374.99,22.4,N,10,-5,2.125,0,-24,23,20,3.75,40,9
2022,TumamocHill,5_1,363,350,245.03,22.4,N,4,0,3.4375,5,4,-16,20,3.75,40,9
2021,TumamocHill,5_1,363,351,374.99,22.4,N,16,8,2.125,0,-24,23,20,3.75,40,9
2022,TumamocHill,5_1,363,351,245.03,22.4,N,2,0,3.4375,5,4,-16,20,3.75,40,9
2021,TumamocHill,5_1,364,352,374.99,18.8,N,-13,-8,3.375,2,-3,13,23,2.9375,25,7
2022,TumamocHill,5_1,364,352,245.03,18.8,N,0,0,4.75,8,-14,-15,23,2.9375,25,7
2021,TumamocHill,5_1,364,353,374.99,18.8,N,-3,-1,3.375,2,-3,13,23,2.9375,25,7
2022,TumamocHill,5_1,364,353,245.03,18.8,N,0,0,4.75,8,-14,-15,23,2.9375,25,7
2021,TumamocHill,5_1,364,354,374.99,18.8,N,-32,-26,3.375,2,-3,13,23,2.9375,25,7
2022,TumamocHill,5_1,364,354,245.03,18.8,N,15,10,4.75,8,-14,-15,23,2.9375,25,7
2021,TumamocHill,5_1,364,355,374.99,18.8,N,-16,-5,3.375,2,-3,13,23,2.9375,25,7
2022,TumamocHill,5_1,364,355,245.03,18.8,N,0,0,4.75,8,-14,-15,23,2.9375,25,7
2021,TumamocHill,5_1,364,356,374.99,18.8,N,-7,-3,3.375,2,-3,13,23,2.9375,25,7
2022,TumamocHill,5_1,364,356,245.03,18.8,N,0,0,4.75,8,-14,-15,23,2.9375,25,7
2021,TumamocHill,5_1,364,357,374.99,18.8,N,11,4,3.375,2,-3,13,23,2.9375,25,7
2022,TumamocHill,5_1,364,357,245.03,18.8,N,10,3,4.75,8,-14,-15,23,2.9375,25,7
2021,TumamocHill,5_1,364,358,374.99,18.8,N,3,-2,3.375,2,-3,13,23,2.9375,25,7
2022,TumamocHill,5_1,364,358,245.03,18.8,N,4,7,4.75,8,-14,-15,23,2.9375,25,7
2021,TumamocHill,5_1,364,359,374.99,18.8,N,-12,0,3.375,2,-3,13,23,2.9375,25,7
2022,TumamocHill,5_1,364,359,245.03,18.8,N,24,11,4.75,8,-14,-15,23,2.9375,25,7
2021,TumamocHill,5_1,364,360,374.99,18.8,N,9,-1,3.375,2,-3,13,23,2.9375,25,7
2022,TumamocHill,5_1,364,360,245.03,18.8,N,6,7,4.75,8,-14,-15,23,2.9375,25,7
2021,TumamocHill,5_1,364,361,374.99,18.8,N,7,1,3.375,2,-3,13,23,2.9375,25,7
2022,TumamocHill,5_1,364,361,245.03,18.8,N,5,1,4.75,8,-14,-15,23,2.9375,25,7
2022,KinneyHill,76,396,365,248.42,9.8,SW,-14,17,1.5,0,-2,-1,40,2.9375,4,2
2022,KinneyHill,76,396,366,248.42,9.8,SW,23,27,1.5,0,-2,-1,40,2.9375,4,2
2022,KinneyHill,76,396,367,248.42,9.8,SW,-6,-4,1.5,0,-2,-1,40,2.9375,4,2
2022,KinneyHill,76,396,368,248.42,9.8,SW,-1,20,1.5,0,-2,-1,40,2.9375,4,2
2022,KinneyHill,76,396,369,248.42,9.8,SW,36,19,1.5,0,-2,-1,40,2.9375,4,2
2022,KinneyHill,76,396,370,248.42,9.8,SW,7,15,1.5,0,-2,-1,40,2.9375,4,2
2022,KinneyHill,76,396,371,248.42,9.8,SW,33,35,1.5,0,-2,-1,40,2.9375,4,2
2022,KinneyHill,76,396,372,248.42,9.8,SW,5,8,1.5,0,-2,-1,40,2.9375,4,2
2022,KinneyHill,76,396,373,248.42,9.8,SW,16,27,1.5,0,-2,-1,40,2.9375,4,2
2022,KinneyHill,76,396,374,248.42,9.8,SW,32,36,1.5,0,-2,-1,40,2.9375,4,2
2022,KinneyHill,76,397,375,248.42,16.2,SW,17,34,3.5,-15,5,-2,50,2.5,25,3
2022,KinneyHill,76,397,376,248.42,16.2,SW,31,18,3.5,-15,5,-2,50,2.5,25,3
2022,KinneyHill,76,397,377,248.42,16.2,SW,21,31,3.5,-15,5,-2,50,2.5,25,3
2022,KinneyHill,76,397,378,248.42,16.2,SW,23,8,3.5,-15,5,-2,50,2.5,25,3
2022,KinneyHill,76,397,379,248.42,16.2,SW,-8,41,3.5,-15,5,-2,50,2.5,25,3
2022,KinneyHill,76,397,380,248.42,16.2,SW,15,19,3.5,-15,5,-2,50,2.5,25,3
2022,KinneyHill,76,397,381,248.42,16.2,SW,42,12,3.5,-15,5,-2,50,2.5,25,3
2022,KinneyHill,76,397,382,248.42,16.2,SW,14,22,3.5,-15,5,-2,50,2.5,25,3
2022,KinneyHill,76,397,383,248.42,16.2,SW,-22,1,3.5,-15,5,-2,50,2.5,25,3
2022,KinneyHill,76,397,384,248.42,16.2,SW,19,26,3.5,-15,5,-2,50,2.5,25,3
2022,KinneyHill,76,395,385,248.42,14.2,SW,1,9,1.0625,-13,-2,0,40,2.1875,12,1
2022,KinneyHill,76,395,386,248.42,14.2,SW,60,78,1.0625,-13,-2,0,40,2.1875,12,1
2022,KinneyHill,76,395,387,248.42,14.2,SW,17,53,1.0625,-13,-2,0,40,2.1875,12,1
2022,KinneyHill,76,395,388,248.42,14.2,SW,3,79,1.0625,-13,-2,0,40,2.1875,12,1
2022,KinneyHill,76,395,389,248.42,14.2,SW,21,36,1.0625,-13,-2,0,40,2.1875,12,1
2022,KinneyHill,76,395,390,248.42,14.2,SW,11,17,1.0625,-13,-2,0,40,2.1875,12,1
2022,KinneyHill,76,395,391,248.42,14.2,SW,7,16,1.0625,-13,-2,0,40,2.1875,12,1
2022,KinneyHill,76,395,392,248.42,14.2,SW,5,23,1.0625,-13,-2,0,40,2.1875,12,1
2022,KinneyHill,76,395,393,248.42,14.2,SW,17,64,1.0625,-13,-2,0,40,2.1875,12,1
2022,KinneyHill,76,395,394,248.42,14.2,SW,0,17,1.0625,-13,-2,0,40,2.1875,12,1
2022,KinneyHill,57,398,442,248.09,16.8,SW,-13,52,1.0625,0,-9,6,25,1.3125,15,5
2022,KinneyHill,57,398,443,248.09,16.8,SW,-8,70,1.0625,0,-9,6,25,1.3125,15,5
2022,KinneyHill,57,398,444,248.09,16.8,SW,19,14,1.0625,0,-9,6,25,1.3125,15,5
2022,KinneyHill,57,398,445,248.09,16.8,SW,3,40,1.0625,0,-9,6,25,1.3125,15,5
2022,KinneyHill,57,398,446,248.09,16.8,SW,15,37,1.0625,0,-9,6,25,1.3125,15,5
2022,KinneyHill,57,398,447,248.09,16.8,SW,6,60,1.0625,0,-9,6,25,1.3125,15,5
2022,KinneyHill,57,398,448,248.09,16.8,SW,9,23,1.0625,0,-9,6,25,1.3125,15,5
2022,KinneyHill,57,398,449,248.09,16.8,SW,14,34,1.0625,0,-9,6,25,1.3125,15,5
2022,KinneyHill,57,398,450,248.09,16.8,SW,-14,3,1.0625,0,-9,6,25,1.3125,15,5
2022,KinneyHill,57,398,451,248.09,16.8,SW,-3,45,1.0625,0,-9,6,25,1.3125,15,5
2022,KinneyHill,57,400,452,248.09,20,SW,-23,-4,1.3125,0,-1,-5,30,1.875,10,6
2022,KinneyHill,57,400,453,248.09,20,SW,79,4,1.3125,0,-1,-5,30,1.875,10,6
2022,KinneyHill,57,400,454,248.09,20,SW,49,12,1.3125,0,-1,-5,30,1.875,10,6
2022,KinneyHill,57,400,455,248.09,20,SW,45,50,1.3125,0,-1,-5,30,1.875,10,6
2022,KinneyHill,57,400,456,248.09,20,SW,11,-2,1.3125,0,-1,-5,30,1.875,10,6
2022,KinneyHill,57,400,457,248.09,20,SW,29,4,1.3125,0,-1,-5,30,1.875,10,6
2022,KinneyHill,57,400,458,248.09,20,SW,17,3,1.3125,0,-1,-5,30,1.875,10,6
2022,KinneyHill,57,400,459,248.09,20,SW,17,0,1.3125,0,-1,-5,30,1.875,10,6
2022,KinneyHill,57,400,460,248.09,20,SW,12,5,1.3125,0,-1,-5,30,1.875,10,6
2022,KinneyHill,57,400,461,248.09,20,SW,12,-3,1.3125,0,-1,-5,30,1.875,10,6
2022,KinneyHill,57,399,462,248.09,22.8,SW,25,38,1.5,2,1,3,20,1.75,0,2
2022,KinneyHill,57,399,463,248.09,22.8,SW,15,46,1.5,2,1,3,20,1.75,0,2
2022,KinneyHill,57,399,464,248.09,22.8,SW,47,58,1.5,2,1,3,20,1.75,0,2
2022,KinneyHill,57,399,465,248.09,22.8,SW,23,53,1.5,2,1,3,20,1.75,0,2
2022,KinneyHill,57,399,466,248.09,22.8,SW,14,31,1.5,2,1,3,20,1.75,0,2
2022,KinneyHill,57,399,467,248.09,22.8,SW,-4,27,1.5,2,1,3,20,1.75,0,2
2022,KinneyHill,57,399,468,248.09,22.8,SW,-1,31,1.5,2,1,3,20,1.75,0,2
2022,KinneyHill,57,399,469,248.09,22.8,SW,28,50,1.5,2,1,3,20,1.75,0,2
2022,KinneyHill,57,399,470,248.09,22.8,SW,-3,-4,1.5,2,1,3,20,1.75,0,2
2022,KinneyHill,57,399,471,248.09,22.8,SW,-5,44,1.5,2,1,3,20,1.75,0,2
2022,KinneyHill,78,401,472,246.82,20,E,34,21,0.9375,5,-7,-10.5,13,2.1875,13,15
2022,KinneyHill,78,401,473,246.82,20,E,19,27,0.9375,5,-7,-10.5,13,2.1875,13,15
2022,KinneyHill,78,401,474,246.82,20,E,18,29,0.9375,5,-7,-10.5,13,2.1875,13,15
2022,KinneyHill,78,401,475,246.82,20,E,18,17,0.9375,5,-7,-10.5,13,2.1875,13,15
2022,KinneyHill,78,401,476,246.82,20,E,21,16,0.9375,5,-7,-10.5,13,2.1875,13,15
2022,KinneyHill,78,401,477,246.82,20,E,10,17,0.9375,5,-7,-10.5,13,2.1875,13,15
2022,KinneyHill,78,401,478,246.82,20,E,22,29,0.9375,5,-7,-10.5,13,2.1875,13,15
2022,KinneyHill,78,401,479,246.82,20,E,37,27,0.9375,5,-7,-10.5,13,2.1875,13,15
2022,KinneyHill,78,401,480,246.82,20,E,14,26,0.9375,5,-7,-10.5,13,2.1875,13,15
2022,KinneyHill,78,401,481,246.82,20,E,12,20,0.9375,5,-7,-10.5,13,2.1875,13,15
2022,KinneyHill,78,402,482,246.82,9.8,E,16,20,1.0625,0,-5,1,30,3.875,18,1
2022,KinneyHill,78,402,483,246.82,9.8,E,21,23,1.0625,0,-5,1,30,3.875,18,1
2022,KinneyHill,78,402,484,246.82,9.8,E,35,41,1.0625,0,-5,1,30,3.875,18,1
2022,KinneyHill,78,402,485,246.82,9.8,E,20,29,1.0625,0,-5,1,30,3.875,18,1
2022,KinneyHill,78,402,486,246.82,9.8,E,11,11,1.0625,0,-5,1,30,3.875,18,1
2022,KinneyHill,78,402,487,246.82,9.8,E,39,26,1.0625,0,-5,1,30,3.875,18,1
2022,KinneyHill,78,402,488,246.82,9.8,E,10,17,1.0625,0,-5,1,30,3.875,18,1
2022,KinneyHill,78,402,489,246.82,9.8,E,6,7,1.0625,0,-5,1,30,3.875,18,1
2022,KinneyHill,78,402,490,246.82,9.8,E,12,22,1.0625,0,-5,1,30,3.875,18,1
2022,KinneyHill,78,402,491,246.82,9.8,E,4,25,1.0625,0,-5,1,30,3.875,18,1
2022,KinneyHill,78,403,492,246.82,20.2,E,-5,13,-0.0625,-15,-5,-2.5,50,3.75,10,3
2022,KinneyHill,78,403,493,246.82,20.2,E,18,24,-0.0625,-15,-5,-2.5,50,3.75,10,3
2022,KinneyHill,78,403,494,246.82,20.2,E,10,18,-0.0625,-15,-5,-2.5,50,3.75,10,3
2022,KinneyHill,78,403,495,246.82,20.2,E,3,45,-0.0625,-15,-5,-2.5,50,3.75,10,3
2022,KinneyHill,78,403,496,246.82,20.2,E,-28,9,-0.0625,-15,-5,-2.5,50,3.75,10,3
2022,KinneyHill,78,403,497,246.82,20.2,E,10,15,-0.0625,-15,-5,-2.5,50,3.75,10,3
2022,KinneyHill,78,403,498,246.82,20.2,E,5,10,-0.0625,-15,-5,-2.5,50,3.75,10,3
2022,KinneyHill,78,403,499,246.82,20.2,E,6,5,-0.0625,-15,-5,-2.5,50,3.75,10,3
2022,KinneyHill,78,403,500,246.82,20.2,E,14,30,-0.0625,-15,-5,-2.5,50,3.75,10,3
2022,TumamocHill,5_3,41,561,243.62,16.2,N,22,23,1.6875,-15,10,-13,33,8.125,15,22
2022,KinneyHill,78,403,562,246.82,20.2,E,22,41,-0.0625,-15,-5,-2.5,50,3.75,10,3
2022,KinneyHill,77,406,563,246.72,15,E,-8,-2,-0.3125,0,-2,-16,25,4.0625,2,25
2022,KinneyHill,77,406,564,246.72,15,E,-43,9,-0.3125,0,-2,-16,25,4.0625,2,25
2022,KinneyHill,77,406,565,246.72,15,E,54,28,-0.3125,0,-2,-16,25,4.0625,2,25
2022,KinneyHill,77,406,566,246.72,15,E,29,49,-0.3125,0,-2,-16,25,4.0625,2,25
2022,KinneyHill,77,406,567,246.72,15,E,4,2,-0.3125,0,-2,-16,25,4.0625,2,25
2022,KinneyHill,77,406,568,246.72,15,E,14,49,-0.3125,0,-2,-16,25,4.0625,2,25
2022,KinneyHill,77,406,569,246.72,15,E,3,2,-0.3125,0,-2,-16,25,4.0625,2,25
2022,KinneyHill,77,406,570,246.72,15,E,12,7,-0.3125,0,-2,-16,25,4.0625,2,25
2022,KinneyHill,77,406,572,246.72,15,E,-9,-1,-0.3125,0,-2,-16,25,4.0625,2,25
2022,KinneyHill,77,405,573,246.72,15.2,E,41,6,0.875,15,2,-15,8,2.8125,15,20
2022,KinneyHill,77,405,574,246.72,15.2,E,26,22,0.875,15,2,-15,8,2.8125,15,20
2022,KinneyHill,77,405,575,246.72,15.2,E,-1,1,0.875,15,2,-15,8,2.8125,15,20
2022,KinneyHill,77,405,576,246.72,15.2,E,30,39,0.875,15,2,-15,8,2.8125,15,20
2022,KinneyHill,77,405,577,246.72,15.2,E,22,17,0.875,15,2,-15,23,3.6875,17,5
2022,KinneyHill,77,405,578,246.72,15.2,E,6,3,0.875,15,2,-15,8,2.8125,15,20
2022,KinneyHill,77,405,579,246.72,15.2,E,18,26,0.875,15,2,-15,8,2.8125,15,20
2022,KinneyHill,77,405,580,246.72,15.2,E,29,35,0.875,15,2,-15,8,2.8125,15,20
2022,KinneyHill,77,405,581,246.72,15.2,E,0,0,0.875,15,2,-15,8,2.8125,15,20
2022,KinneyHill,77,405,582,246.72,15.2,E,27,35,0.875,15,2,-15,8,2.8125,15,20
2022,KinneyHill,77,404,583,246.72,28.4,E,48,51,0.3125,-2,20,-16,25,1.3125,10,27
2022,KinneyHill,77,404,584,246.72,28.4,E,24,49,0.3125,-2,20,-16,25,1.3125,10,27
2022,KinneyHill,77,404,585,246.72,28.4,E,49,35,0.3125,-2,20,-16,25,1.3125,10,27
2022,KinneyHill,77,404,586,246.72,28.4,E,33,22,0.3125,-2,20,-16,25,1.3125,10,27
2022,KinneyHill,77,404,587,246.72,28.4,E,47,43,0.3125,-2,20,-16,25,1.3125,10,27
2022,KinneyHill,77,404,588,246.72,28.4,E,91,47,0.3125,-2,20,-16,25,1.3125,10,27
2022,KinneyHill,77,404,589,246.72,28.4,E,57,32,0.3125,-2,20,-16,25,1.3125,10,27
2022,KinneyHill,77,404,590,246.72,28.4,E,50,48,0.3125,-2,20,-16,25,1.3125,10,27
2022,KinneyHill,77,404,591,246.72,28.4,E,53,56,0.3125,-2,20,-16,25,1.3125,10,27
2022,KinneyHill,66,411,593,247.15,17,S,4,2,-5.625,-12,-9,-21,35,13.875,18,23
2022,KinneyHill,66,411,594,247.15,17,S,4,2,-5.625,-12,-9,-21,35,13.875,18,23
2022,KinneyHill,66,411,595,247.15,17,S,11,3,-5.625,-12,-9,-21,35,13.875,18,23
2022,KinneyHill,66,411,596,247.15,17,S,-4,0,-5.625,-12,-9,-21,35,13.875,18,23
2022,KinneyHill,66,411,597,247.15,17,S,2,0,-5.625,-12,-9,-21,35,13.875,18,23
2022,KinneyHill,66,411,598,247.15,17,S,9,4,-5.625,-12,-9,-21,35,13.875,18,23
2022,KinneyHill,66,411,599,247.15,17,S,-11,-1,-5.625,-12,-9,-21,35,13.875,18,23
2022,KinneyHill,66,411,600,247.15,17,S,3,4,-5.625,-12,-9,-21,35,13.875,18,23
2022,KinneyHill,66,411,601,247.15,17,S,1,3,-5.625,-12,-9,-21,35,13.875,18,23
2022,KinneyHill,66,411,602,247.15,17,S,7,4,-5.625,-12,-9,-21,35,13.875,18,23
2022,KinneyHill,66,412,603,247.15,21,S,3,13,-2.375,3,-4,-5,22,8.0625,9,7.5
2022,KinneyHill,66,412,604,247.15,21,S,14,17,-2.375,3,-4,-5,22,8.0625,9,7.5
2022,KinneyHill,66,412,605,247.15,21,S,-2,2,-2.375,3,-4,-5,22,8.0625,9,7.5
2022,KinneyHill,66,412,606,247.15,21,S,3,-1,-2.375,3,-4,-5,22,8.0625,9,7.5
2022,KinneyHill,66,412,607,247.15,21,S,-2,-9,-2.375,3,-4,-5,22,8.0625,9,7.5
2022,KinneyHill,66,412,608,247.15,21,S,-35,-25,-2.375,3,-4,-5,22,8.0625,9,7.5
2022,KinneyHill,66,410,613,247.15,16.8,S,10,-3,-5.5,0,-9,-13.5,40,17.0625,15,16
2022,KinneyHill,66,410,614,247.15,16.8,S,26,12,-5.5,0,-9,-13.5,40,17.0625,15,16
2022,KinneyHill,66,410,615,247.15,16.8,S,14,3,-5.5,0,-9,-13.5,40,17.0625,15,16
2022,KinneyHill,66,410,616,247.15,16.8,S,7,2,-5.5,0,-9,-13.5,40,17.0625,15,16
2022,KinneyHill,66,410,617,247.15,16.8,S,24,-3,-5.5,0,-9,-13.5,40,17.0625,15,16
2022,KinneyHill,66,410,618,247.15,16.8,S,15,-2,-5.5,0,-9,-13.5,40,17.0625,15,16
2022,KinneyHill,66,410,619,247.15,16.8,S,-13,-8,-5.5,0,-9,-13.5,40,17.0625,15,16
2022,KinneyHill,66,410,620,247.15,16.8,S,3,-9,-5.5,0,-9,-13.5,40,17.0625,15,16
2022,KinneyHill,66,410,621,247.15,16.8,S,9,1,-5.5,0,-9,-13.5,40,17.0625,15,16
2022,KinneyHill,66,410,622,247.15,16.8,S,2,1,-5.5,0,-9,-13.5,40,17.0625,15,16
2022,KinneyHill,68,415,623,252.67,20.2,W,-7,3,-4.875,-2,1,2.5,25,7.75,10,2.5
2022,KinneyHill,68,415,624,252.67,20.2,W,1,24,-4.875,-2,1,2.5,25,7.75,10,2.5
2022,KinneyHill,68,415,625,252.67,20.2,W,-5,13,-4.875,-2,1,2.5,25,7.75,10,2.5
2022,KinneyHill,68,415,626,252.67,20.2,W,-10,-2,-4.875,-2,1,2.5,25,7.75,10,2.5
2022,KinneyHill,68,415,627,252.67,20.2,W,27,11,-4.875,-2,1,2.5,25,7.75,10,2.5
2022,KinneyHill,68,415,628,252.67,20.2,W,2,4,-4.875,-2,1,2.5,25,7.75,10,2.5
2022,KinneyHill,68,415,629,252.67,20.2,W,1,3,-4.875,-2,1,2.5,25,7.75,10,2.5
2022,KinneyHill,68,415,630,252.67,20.2,W,16,15,-4.875,-2,1,2.5,25,7.75,10,2.5
2022,KinneyHill,68,415,631,252.67,20.2,W,19,13,-4.875,-2,1,2.5,25,7.75,10,2.5
2022,KinneyHill,68,415,632,252.67,20.2,W,8,5,-4.875,-2,1,2.5,25,7.75,10,2.5
2022,KinneyHill,68,413,633,252.67,21.2,W,3,29,-6.9375,0,2,-7.5,33,11.1875,13,9
2022,KinneyHill,68,413,634,252.67,21.2,W,17,22,-6.9375,0,2,-7.5,33,11.1875,13,9
2022,KinneyHill,68,413,635,252.67,21.2,W,7,18,-6.9375,0,2,-7.5,33,11.1875,13,9
2022,KinneyHill,68,413,636,252.67,21.2,W,-130,-45,-6.9375,0,2,-7.5,33,11.1875,13,9
2022,KinneyHill,68,413,637,252.67,21.2,W,2,23,-6.9375,0,2,-7.5,33,11.1875,13,9
2022,KinneyHill,68,413,638,252.67,21.2,W,4,20,-6.9375,0,2,-7.5,33,11.1875,13,9
2022,KinneyHill,68,413,639,252.67,21.2,W,-17,26,-6.9375,0,2,-7.5,33,11.1875,13,9
2022,KinneyHill,68,413,640,252.67,21.2,W,-5,13,-6.9375,0,2,-7.5,33,11.1875,13,9
2022,KinneyHill,68,413,641,252.67,21.2,W,28,26,-6.9375,0,2,-7.5,33,11.1875,13,9
2022,KinneyHill,68,413,642,252.67,21.2,W,-3,7,-6.9375,0,2,-7.5,33,11.1875,13,9
2022,KinneyHill,68,414,643,252.67,20.8,W,24,31,-2.5,2,-1,1.5,18,5.625,17,4
2022,KinneyHill,68,414,644,252.67,20.8,W,12,23,-2.5,2,-1,1.5,18,5.625,17,4
2022,KinneyHill,68,414,645,252.67,20.8,W,11,21,-2.5,2,-1,1.5,18,5.625,17,4
2022,KinneyHill,68,414,646,252.67,20.8,W,8,8,-2.5,2,-1,1.5,18,5.625,17,4
2022,KinneyHill,68,414,647,252.67,20.8,W,11,21,-2.5,2,-1,1.5,18,5.625,17,4
2022,KinneyHill,68,414,648,252.67,20.8,W,1,19,-2.5,2,-1,1.5,18,5.625,17,4
2022,KinneyHill,68,414,649,252.67,20.8,W,3,13,-2.5,2,-1,1.5,18,5.625,17,4
2022,KinneyHill,68,414,650,252.67,20.8,W,15,11,-2.5,2,-1,1.5,18,5.625,17,4
2022,KinneyHill,68,414,651,252.67,20.8,W,23,23,-2.5,2,-1,1.5,18,5.625,17,4
2022,KinneyHill,68,414,652,252.67,20.8,W,5,7,-2.5,2,-1,1.5,18,5.625,17,4
2022,KinneyHill,70,409,653,247.55,18.8,S,9,18,-5.3125,-15,0,-0.5,35,10.3125,5,1
2022,KinneyHill,70,409,654,247.55,18.8,S,22,24,-5.3125,-15,0,-0.5,35,10.3125,5,1
2022,KinneyHill,70,409,655,247.55,18.8,S,9,6,-5.3125,-15,0,-0.5,35,10.3125,5,1
2022,KinneyHill,70,409,656,247.55,18.8,S,7,-2,-5.3125,-15,0,-0.5,35,10.3125,5,1
2022,KinneyHill,70,409,657,247.55,18.8,S,-26,-2,-5.3125,-15,0,-0.5,35,10.3125,5,1
2022,KinneyHill,70,409,658,247.55,18.8,S,5,20,-5.3125,-15,0,-0.5,35,10.3125,5,1
2022,KinneyHill,70,409,659,247.55,18.8,S,12,20,-5.3125,-15,0,-0.5,35,10.3125,5,1
2022,KinneyHill,70,409,660,247.55,18.8,S,-20,17,-5.3125,-15,0,-0.5,35,10.3125,5,1
2022,KinneyHill,70,409,661,247.55,18.8,S,6,-2,-5.3125,-15,0,-0.5,35,10.3125,5,1
2022,KinneyHill,70,409,662,247.55,18.8,S,-2,11,-5.3125,-15,0,-0.5,35,10.3125,5,1
2022,KinneyHill,70,408,663,247.55,20.8,S,-12,35,-1.8125,0,-2,-0.5,25,5.5,3,0.5
2022,KinneyHill,70,408,664,247.55,20.8,S,19,1,-1.8125,0,-2,-0.5,25,5.5,3,0.5
2022,KinneyHill,70,408,665,247.55,20.8,S,35,20,-1.8125,0,-2,-0.5,25,5.5,3,0.5
2022,KinneyHill,70,408,666,247.55,20.8,S,-3,22,-1.8125,0,-2,-0.5,25,5.5,3,0.5
2022,KinneyHill,70,408,667,247.55,20.8,S,33,8,-1.8125,0,-2,-0.5,25,5.5,3,0.5
2022,KinneyHill,70,408,668,247.55,20.8,S,12,2,-1.8125,0,-2,-0.5,25,5.5,3,0.5
2022,KinneyHill,70,408,669,247.55,20.8,S,-11,0,-1.8125,0,-2,-0.5,25,5.5,3,0.5
2022,KinneyHill,70,408,670,247.55,20.8,S,2,4,-1.8125,0,-2,-0.5,25,5.5,3,0.5
2022,KinneyHill,70,408,671,247.55,20.8,S,-28,-6,-1.8125,0,-2,-0.5,25,5.5,3,0.5
2022,KinneyHill,70,408,672,247.55,20.8,S,-10,0,-1.8125,0,-2,-0.5,25,5.5,3,0.5
2022,KinneyHill,70,407,673,247.55,14.6,S,0,8,-2.4375,-20,-19,-1,35,5.5625,30,1
2022,KinneyHill,70,407,674,247.55,14.6,S,13,9,-2.4375,-20,-19,-1,35,5.5625,30,1
2022,KinneyHill,70,407,675,247.55,14.6,S,0,0,-2.4375,-20,-19,-1,35,5.5625,30,1
2022,KinneyHill,70,407,676,247.55,14.6,S,9,4,-2.4375,-20,-19,-1,35,5.5625,30,1
2022,KinneyHill,70,407,677,247.55,14.6,S,24,28,-2.4375,-20,-19,-1,35,5.5625,30,1
2022,KinneyHill,70,407,678,247.55,14.6,S,19,-1,-2.4375,-20,-19,-1,35,5.5625,30,1
2022,KinneyHill,70,407,679,247.55,14.6,S,28,15,-2.4375,-20,-19,-1,35,5.5625,30,1
2022,KinneyHill,70,407,680,247.55,14.6,S,10,9,-2.4375,-20,-19,-1,35,5.5625,30,1
2022,KinneyHill,70,407,681,247.55,14.6,S,7,6,-2.4375,-20,-19,-1,35,5.5625,30,1
2022,KinneyHill,70,407,682,247.55,14.6,S,18,13,-2.4375,-20,-19,-1,35,5.5625,30,1
2022,LomaVerde,71,416,683,338.68,11.8,W,-24,-22,5.0625,2,0,-11,18,1.875,45,22
2023,LomaVerde,71,416,683,272.86,11.8,W,32,21,-4.9375,15,5,-1,18,1.875,45,22
2022,LomaVerde,71,416,684,338.68,11.8,W,0,5,5.0625,2,0,-11,18,1.875,45,22
2023,LomaVerde,71,416,684,272.86,11.8,W,16,-6,-4.9375,15,5,-1,18,1.875,45,22
2022,LomaVerde,71,416,685,338.68,11.8,W,9,20,5.0625,2,0,-11,18,1.875,45,22
2023,LomaVerde,71,416,685,272.86,11.8,W,53,-5,-4.9375,15,5,-1,18,1.875,45,22
2022,LomaVerde,71,416,686,338.68,11.8,W,38,28,5.0625,2,0,-11,18,1.875,45,22
2023,LomaVerde,71,416,686,272.86,11.8,W,49,-10,-4.9375,15,5,-1,18,1.875,45,22
2022,LomaVerde,71,416,687,338.68,11.8,W,7,7,5.0625,2,0,-11,18,1.875,45,22
2023,LomaVerde,71,416,687,272.86,11.8,W,87,23,-4.9375,15,5,-1,18,1.875,45,22
2022,LomaVerde,71,416,688,338.68,11.8,W,24,36,5.0625,2,0,-11,18,1.875,45,22
2023,LomaVerde,71,416,688,272.86,11.8,W,85,-27,-4.9375,15,5,-1,18,1.875,45,22
2022,LomaVerde,71,416,689,338.68,11.8,W,1,7,5.0625,2,0,-11,18,1.875,45,22
2023,LomaVerde,71,416,689,272.86,11.8,W,53,0,-4.9375,15,5,-1,18,1.875,45,22
2022,LomaVerde,71,416,690,338.68,11.8,W,63,77,5.0625,2,0,-11,18,1.875,45,22
2023,LomaVerde,71,416,690,272.86,11.8,W,91,-52,-4.9375,15,5,-1,18,1.875,45,22
2022,LomaVerde,71,416,691,338.68,11.8,W,12,12,5.0625,2,0,-11,18,1.875,45,22
2023,LomaVerde,71,416,691,272.86,11.8,W,138,33,-4.9375,15,5,-1,18,1.875,45,22
2022,LomaVerde,71,416,692,338.68,11.8,W,17,29,5.0625,2,0,-11,18,1.875,45,22
2023,LomaVerde,71,416,692,272.86,11.8,W,158,11,-4.9375,15,5,-1,18,1.875,45,22
2023,LomaVerde,71,417,693,272.86,20,W,28,17,-4.1875,0,1,1,40,6.3125,17,1
2022,LomaVerde,71,417,694,338.68,20,W,-10,-7,3.625,5,-3,-21,35,2.6875,20,22
2023,LomaVerde,71,417,694,272.86,20,W,41,18,-4.1875,0,1,1,35,2.6875,20,22
2022,LomaVerde,71,417,695,338.68,20,W,23,12,3.625,5,-3,-21,35,2.6875,20,22
2023,LomaVerde,71,417,695,272.86,20,W,77,15,-4.1875,0,1,1,35,2.6875,20,22
2022,LomaVerde,71,417,696,338.68,20,W,10,19,3.625,5,-3,-21,35,2.6875,20,22
2023,LomaVerde,71,417,696,272.86,20,W,45,14,-4.1875,0,1,1,35,2.6875,20,22
2022,LomaVerde,71,417,697,338.68,20,W,-1,-1,3.625,5,-3,-21,35,2.6875,20,22
2023,LomaVerde,71,417,697,272.86,20,W,11,10,-4.1875,0,1,1,35,2.6875,20,22
2022,LomaVerde,71,417,698,338.68,20,W,38,38,3.625,5,-3,-21,35,2.6875,20,22
2023,LomaVerde,71,417,698,272.86,20,W,29,-24,-4.1875,0,1,1,35,2.6875,20,22
2022,LomaVerde,71,417,699,338.68,20,W,6,-3,3.625,5,-3,-21,35,2.6875,20,22
2023,LomaVerde,71,417,699,272.86,20,W,64,13,-4.1875,0,1,1,35,2.6875,20,22
2022,LomaVerde,71,417,700,338.68,20,W,-12,-22,3.625,5,-3,-21,35,2.6875,20,22
2023,LomaVerde,71,417,700,272.86,20,W,90,32,-4.1875,0,1,1,35,2.6875,20,22
2022,LomaVerde,71,417,701,338.68,20,W,21,9,3.625,5,-3,-21,35,2.6875,20,22
2023,LomaVerde,71,417,701,272.86,20,W,142,31,-4.1875,0,1,1,35,2.6875,20,22
2022,LomaVerde,71,417,702,338.68,20,W,15,-4,3.625,5,-3,-21,35,2.6875,20,22
2023,LomaVerde,71,417,702,272.86,20,W,62,33,-4.1875,0,1,1,35,2.6875,20,22
2022,LomaVerde,71,418,703,338.68,18.4,W,29,1,7.6875,-10,2,-2,60,3.625,15,6
2023,LomaVerde,71,418,703,272.86,18.4,W,95,39,-8.9375,5,-7,-3,60,3.625,15,6
2022,LomaVerde,71,418,704,338.68,18.4,W,11,-3,7.6875,-10,2,-2,60,3.625,15,6
2023,LomaVerde,71,418,704,272.86,18.4,W,74,32,-8.9375,5,-7,-3,60,3.625,15,6
2022,LomaVerde,71,418,705,338.68,18.4,W,-5,-20,7.6875,-10,2,-2,60,3.625,15,6
2023,LomaVerde,71,418,705,272.86,18.4,W,12,13,-8.9375,5,-7,-3,60,3.625,15,6
2022,LomaVerde,71,418,706,338.68,18.4,W,12,12,7.6875,-10,2,-2,60,3.625,15,6
2023,LomaVerde,71,418,706,272.86,18.4,W,52,10,-8.9375,5,-7,-3,60,3.625,15,6
2022,LomaVerde,71,418,707,338.68,18.4,W,-9,-2,7.6875,-10,2,-2,60,3.625,15,6
2023,LomaVerde,71,418,707,272.86,18.4,W,8,2,-8.9375,5,-7,-3,60,3.625,15,6
2022,LomaVerde,71,418,708,338.68,18.4,W,26,5,7.6875,-10,2,-2,60,3.625,15,6
2023,LomaVerde,71,418,708,272.86,18.4,W,29,10,-8.9375,5,-7,-3,60,3.625,15,6
2022,LomaVerde,71,418,709,338.68,18.4,W,6,-12,7.6875,-10,2,-2,60,3.625,15,6
2023,LomaVerde,71,418,709,272.86,18.4,W,45,26,-8.9375,5,-7,-3,60,3.625,15,6
2022,LomaVerde,71,418,710,338.68,18.4,W,24,-2,7.6875,-10,2,-2,60,3.625,15,6
2023,LomaVerde,71,418,710,272.86,18.4,W,41,15,-8.9375,5,-7,-3,60,3.625,15,6
2022,LomaVerde,71,418,711,338.68,18.4,W,16,-4,7.6875,-10,2,-2,60,3.625,15,6
2023,LomaVerde,71,418,711,272.86,18.4,W,117,72,-8.9375,5,-7,-3,60,3.625,15,6
2022,LomaVerde,71,418,712,338.68,18.4,W,17,2,7.6875,-10,2,-2,60,3.625,15,6
2023,LomaVerde,71,418,712,272.86,18.4,W,58,13,-8.9375,5,-7,-3,60,3.625,15,6
2022,LomaVerde,74,422,713,340.8,20.8,SW,40,20,2.875,5,0,-9,25,3.1875,15,11
2023,LomaVerde,74,422,713,263.65,20.8,SW,78,33,-1.9375,5,7,5,25,3.1875,15,11
2022,LomaVerde,74,422,714,340.8,20.8,SW,9,9,2.875,5,0,-9,25,3.1875,15,11
2023,LomaVerde,74,422,714,263.65,20.8,SW,113,46,-1.9375,5,7,5,25,3.1875,15,11
2022,LomaVerde,74,422,715,340.8,20.8,SW,-1,-11,2.875,5,0,-9,25,3.1875,15,11
2023,LomaVerde,74,422,715,263.65,20.8,SW,20,16,-1.9375,5,7,5,25,3.1875,15,11
2022,LomaVerde,74,422,716,340.8,20.8,SW,55,29,2.875,5,0,-9,25,3.1875,15,11
2023,LomaVerde,74,422,716,263.65,20.8,SW,116,55,-1.9375,5,7,5,25,3.1875,15,11
2022,LomaVerde,74,422,717,340.8,20.8,SW,55,-13,2.875,5,0,-9,25,3.1875,15,11
2023,LomaVerde,74,422,717,263.65,20.8,SW,92,67,-1.9375,5,7,5,25,3.1875,15,11
2022,LomaVerde,74,422,718,340.8,20.8,SW,66,43,2.875,5,0,-9,25,3.1875,15,11
2023,LomaVerde,74,422,718,263.65,20.8,SW,121,60,-1.9375,5,7,5,25,3.1875,15,11
2022,LomaVerde,74,422,719,340.8,20.8,SW,72,-7,2.875,5,0,-9,25,3.1875,15,11
2023,LomaVerde,74,422,719,263.65,20.8,SW,36,53,-1.9375,5,7,5,25,3.1875,15,11
2022,LomaVerde,74,422,720,340.8,20.8,SW,58,33,2.875,5,0,-9,25,3.1875,15,11
2023,LomaVerde,74,422,720,263.65,20.8,SW,87,47,-1.9375,5,7,5,25,3.1875,15,11
2022,LomaVerde,74,422,721,340.8,20.8,SW,67,3,2.875,5,0,-9,25,3.1875,15,11
2023,LomaVerde,74,422,721,263.65,20.8,SW,223,109,-1.9375,5,7,5,25,3.1875,15,11
2022,LomaVerde,74,422,722,340.8,20.8,SW,8,0,2.875,5,0,-9,25,3.1875,15,11
2023,LomaVerde,74,422,722,263.65,20.8,SW,19,20,-1.9375,5,7,5,25,3.1875,15,11
2022,LomaVerde,74,424,723,340.8,21,SW,27,16,1.4375,-7,-3,-13.5,40,1.0625,15,14
2023,LomaVerde,74,424,723,263.65,21,SW,136,46,1.5625,17,18,4.5,40,1.0625,15,14
2022,LomaVerde,74,424,724,340.8,21,SW,14,6,1.4375,-7,-3,-13.5,40,1.0625,15,14
2023,LomaVerde,74,424,724,263.65,21,SW,134,75,1.5625,17,18,4.5,40,1.0625,15,14
2022,LomaVerde,74,424,725,340.8,21,SW,11,3,1.4375,-7,-3,-13.5,40,1.0625,15,14
2023,LomaVerde,74,424,725,263.65,21,SW,87,36,1.5625,17,18,4.5,40,1.0625,15,14
2022,LomaVerde,74,424,726,340.8,21,SW,0,2,1.4375,-7,-3,-13.5,40,1.0625,15,14
2023,LomaVerde,74,424,726,263.65,21,SW,42,21,1.5625,17,18,4.5,40,1.0625,15,14
2022,LomaVerde,74,424,727,340.8,21,SW,15,-11,1.4375,-7,-3,-13.5,40,1.0625,15,14
2023,LomaVerde,74,424,727,263.65,21,SW,87,57,1.5625,17,18,4.5,40,1.0625,15,14
2022,LomaVerde,74,424,728,340.8,21,SW,15,2,1.4375,-7,-3,-13.5,40,1.0625,15,14
2023,LomaVerde,74,424,728,263.65,21,SW,133,79,1.5625,17,18,4.5,40,1.0625,15,14
2022,LomaVerde,74,424,729,340.8,21,SW,11,3,1.4375,-7,-3,-13.5,40,1.0625,15,14
2023,LomaVerde,74,424,729,263.65,21,SW,114,44,1.5625,17,18,4.5,40,1.0625,15,14
2022,LomaVerde,74,424,730,340.8,21,SW,7,-5,1.4375,-7,-3,-13.5,40,1.0625,15,14
2023,LomaVerde,74,424,730,263.65,21,SW,-44,-2,1.5625,17,18,4.5,40,1.0625,15,14
2022,LomaVerde,74,424,731,340.8,21,SW,90,19,1.4375,-7,-3,-13.5,40,1.0625,15,14
2023,LomaVerde,74,424,731,263.65,21,SW,79,56,1.5625,17,18,4.5,40,1.0625,15,14
2022,LomaVerde,74,424,732,340.8,21,SW,28,7,1.4375,-7,-3,-13.5,40,1.0625,15,14
2023,LomaVerde,74,424,732,263.65,21,SW,115,64,1.5625,17,18,4.5,40,1.0625,15,14
2022,LomaVerde,74,423,733,340.8,16.2,SW,139,99,1.5625,0,0,-26,25,1.125,15,27
2023,LomaVerde,74,423,733,263.65,16.2,SW,158,62,-1.375,10,15,3,25,1.125,15,27
2022,LomaVerde,74,423,735,340.8,16.2,SW,37,-6,1.5625,0,0,-26,25,1.125,15,27
2023,LomaVerde,74,423,735,263.65,16.2,SW,127,44,-1.375,10,15,3,25,1.125,15,27
2022,LomaVerde,74,423,736,340.8,16.2,SW,45,67,1.5625,0,0,-26,25,1.125,15,27
2023,LomaVerde,74,423,736,263.65,16.2,SW,105,-15,-1.375,10,15,3,25,1.125,15,27
2022,LomaVerde,74,423,737,340.8,16.2,SW,22,0,1.5625,0,0,-26,25,1.125,15,27
2023,LomaVerde,74,423,737,263.65,16.2,SW,48,20,-1.375,10,15,3,25,1.125,15,27
2022,LomaVerde,74,423,738,340.8,16.2,SW,-6,0,1.5625,0,0,-26,25,1.125,15,27
2023,LomaVerde,74,423,738,263.65,16.2,SW,77,46,-1.375,10,15,3,25,1.125,15,27
2022,LomaVerde,74,423,739,340.8,16.2,SW,30,-19,1.5625,0,0,-26,25,1.125,15,27
2023,LomaVerde,74,423,739,263.65,16.2,SW,108,80,-1.375,10,15,3,25,1.125,15,27
2022,LomaVerde,74,423,741,340.8,16.2,SW,7,-33,1.5625,0,0,-26,25,1.125,15,27
2023,LomaVerde,74,423,741,263.65,16.2,SW,112,40,-1.375,10,15,3,25,1.125,15,27
2022,LomaVerde,74,423,742,340.8,16.2,SW,39,-8,1.5625,0,0,-26,25,1.125,15,27
2023,LomaVerde,74,423,742,263.65,16.2,SW,10,18,-1.375,10,15,3,25,1.125,15,27
2022,LomaVerde,73,419,743,340.5,15,S,57,40,9.3125,10,-10,-3,25,2,20,5
2023,LomaVerde,73,419,743,272.1,15,S,66,21,-6.4375,-15,50,0,25,2,20,5
2022,LomaVerde,73,419,744,340.5,15,S,34,8,9.3125,10,-10,-3,25,2,20,5
2023,LomaVerde,73,419,744,272.1,15,S,66,34,-6.4375,-15,50,0,25,2,20,5
2022,LomaVerde,73,419,745,340.5,15,S,58,54,9.3125,10,-10,-3,25,2,20,5
2023,LomaVerde,73,419,745,272.1,15,S,77,-9,-6.4375,-15,50,0,25,2,20,5
2022,LomaVerde,73,419,746,340.5,15,S,49,6,9.3125,10,-10,-3,25,2,20,5
2023,LomaVerde,73,419,746,272.1,15,S,53,33,-6.4375,-15,50,0,25,2,20,5
2022,LomaVerde,73,419,747,340.5,15,S,-37,-15,9.3125,10,-10,-3,25,2,20,5
2023,LomaVerde,73,419,747,272.1,15,S,0,0,-6.4375,-15,50,0,25,2,20,5
2022,LomaVerde,73,419,748,340.5,15,S,8,-20,9.3125,10,-10,-3,25,2,20,5
2023,LomaVerde,73,419,748,272.1,15,S,60,35,-6.4375,-15,50,0,25,2,20,5
2022,LomaVerde,73,419,749,340.5,15,S,-6,-4,9.3125,10,-10,-3,25,2,20,5
2023,LomaVerde,73,419,749,272.1,15,S,25,13,-6.4375,-15,50,0,25,2,20,5
2022,LomaVerde,73,419,750,340.5,15,S,39,20,9.3125,10,-10,-3,25,2,20,5
2023,LomaVerde,73,419,750,272.1,15,S,62,32,-6.4375,-15,50,0,25,2,20,5
2022,LomaVerde,73,419,751,340.5,15,S,19,-3,9.3125,10,-10,-3,25,2,20,5
2023,LomaVerde,73,419,751,272.1,15,S,36,28,-6.4375,-15,50,0,25,2,20,5
2022,LomaVerde,73,419,752,340.5,15,S,-118,-78,9.3125,10,-10,-3,25,2,20,5
2023,LomaVerde,73,419,752,272.1,15,S,214,88,-6.4375,-15,50,0,25,2,20,5
2022,LomaVerde,73,421,754,340.5,22,S,5,3,10.3125,5,5,-15,15,1.375,35,22
2023,LomaVerde,73,421,754,272.1,22,S,42,20,-7.3125,15,-20,-7,15,1.375,35,22
2022,LomaVerde,73,421,755,340.5,22,S,-33,-29,10.3125,5,5,-15,15,1.375,35,22
2023,LomaVerde,73,421,755,272.1,22,S,26,24,-7.3125,15,-20,-7,15,1.375,35,22
2022,LomaVerde,73,421,756,340.5,22,S,29,37,10.3125,5,5,-15,15,1.375,35,22
2023,LomaVerde,73,421,756,272.1,22,S,51,-13,-7.3125,15,-20,-7,15,1.375,35,22
2022,LomaVerde,73,421,757,340.5,22,S,-9,-3,10.3125,5,5,-15,15,1.375,35,22
2023,LomaVerde,73,421,757,272.1,22,S,3,1,-7.3125,15,-20,-7,15,1.375,35,22
2022,LomaVerde,73,421,758,340.5,22,S,-31,-19,10.3125,5,5,-15,15,1.375,35,22
2023,LomaVerde,73,421,758,272.1,22,S,-6,-4,-7.3125,15,-20,-7,15,1.375,35,22
2022,LomaVerde,73,421,759,340.5,22,S,-58,-65,10.3125,5,5,-15,15,1.375,35,22
2023,LomaVerde,73,421,759,272.1,22,S,20,11,-7.3125,15,-20,-7,15,1.375,35,22
2022,LomaVerde,73,421,760,340.5,22,S,30,18,10.3125,5,5,-15,15,1.375,35,22
2023,LomaVerde,73,421,760,272.1,22,S,112,25,-7.3125,15,-20,-7,15,1.375,35,22
2022,LomaVerde,73,421,761,340.5,22,S,-10,-21,10.3125,5,5,-15,15,1.375,35,22
2023,LomaVerde,73,421,761,272.1,22,S,46,37,-7.3125,15,-20,-7,15,1.375,35,22
2022,LomaVerde,73,420,763,340.5,17.6,S,16,84,24.3125,5,4,-11,40,3.75,4,18
2023,LomaVerde,73,420,763,272.1,17.6,S,147,-9,-18.875,-10,2,-6,40,3.75,4,18
2022,LomaVerde,73,420,764,340.5,17.6,S,-40,-4,24.3125,5,4,-11,40,3.75,4,18
2023,LomaVerde,73,420,764,272.1,17.6,S,3,-1,-18.875,-10,2,-6,40,3.75,4,18
2022,LomaVerde,73,420,765,340.5,17.6,S,-22,13,24.3125,5,4,-11,40,3.75,4,18
2023,LomaVerde,73,420,765,272.1,17.6,S,21,-8,-18.875,-10,2,-6,40,3.75,4,18
2022,LomaVerde,73,420,766,340.5,17.6,S,-64,-39,24.3125,5,4,-11,40,3.75,4,18
2023,LomaVerde,73,420,766,272.1,17.6,S,-6,-7,-18.875,-10,2,-6,40,3.75,4,18
2022,LomaVerde,73,420,767,340.5,17.6,S,44,18,24.3125,5,4,-11,40,3.75,4,18
2023,LomaVerde,73,420,767,272.1,17.6,S,47,10,-18.875,-10,2,-6,40,3.75,4,18
2022,LomaVerde,73,420,768,340.5,17.6,S,-4,1,24.3125,5,4,-11,40,3.75,4,18
2023,LomaVerde,73,420,768,272.1,17.6,S,17,1,-18.875,-10,2,-6,40,3.75,4,18
2022,LomaVerde,73,420,769,340.5,17.6,S,-51,-36,24.3125,5,4,-11,40,3.75,4,18
2023,LomaVerde,73,420,769,272.1,17.6,S,16,0,-18.875,-10,2,-6,40,3.75,4,18
2022,LomaVerde,73,420,770,340.5,17.6,S,-51,-24,24.3125,5,4,-11,40,3.75,4,18
2023,LomaVerde,73,420,770,272.1,17.6,S,6,0,-18.875,-10,2,-6,40,3.75,4,18
2022,LomaVerde,73,420,771,340.5,17.6,S,-7,-1,24.3125,5,4,-11,40,3.75,4,18
2023,LomaVerde,73,420,771,272.1,17.6,S,40,-6,-18.875,-10,2,-6,40,3.75,4,18
2022,LomaVerde,73,420,772,340.5,17.6,S,-13,-5,24.3125,5,4,-11,40,3.75,4,18
2023,LomaVerde,73,420,772,272.1,17.6,S,3,2,-18.875,-10,2,-6,40,3.75,4,18
2022,ApachePeak,79,425,773,266.05,26.2,W,40,18,1.625,20,-1,-5,45,4.3125,4,9
2023,ApachePeak,79,425,773,237.77,26.2,W,120,86,-3.5625,-15,9,-4,45,4.3125,4,9
2023,ApachePeak,79,425,774,237.77,26.2,W,0,0,-3.5625,-15,9,-4,65,5.9375,3,4
2022,ApachePeak,79,425,775,266.05,26.2,W,5,10,1.625,20,-1,-5,45,4.3125,4,9
2023,ApachePeak,79,425,775,237.77,26.2,W,63,27,-3.5625,-15,9,-4,45,4.3125,4,9
2022,ApachePeak,79,425,776,266.05,26.2,W,67,29,1.625,20,-1,-5,45,4.3125,4,9
2023,ApachePeak,79,425,776,237.77,26.2,W,117,50,-3.5625,-15,9,-4,45,4.3125,4,9
2022,ApachePeak,79,425,777,266.05,26.2,W,50,21,1.625,20,-1,-5,45,4.3125,4,9
2023,ApachePeak,79,425,777,237.77,26.2,W,65,38,-3.5625,-15,9,-4,45,4.3125,4,9
2022,ApachePeak,79,425,778,266.05,26.2,W,38,16,1.625,20,-1,-5,45,4.3125,4,9
2023,ApachePeak,79,425,778,237.77,26.2,W,82,32,-3.5625,-15,9,-4,45,4.3125,4,9
2022,ApachePeak,79,425,779,266.05,26.2,W,72,47,1.625,20,-1,-5,45,4.3125,4,9
2023,ApachePeak,79,425,779,237.77,26.2,W,201,77,-3.5625,-15,9,-4,45,4.3125,4,9
2022,ApachePeak,79,425,780,266.05,26.2,W,19,8,1.625,20,-1,-5,45,4.3125,4,9
2023,ApachePeak,79,425,780,237.77,26.2,W,54,21,-3.5625,-15,9,-4,45,4.3125,4,9
2022,ApachePeak,79,425,781,266.05,26.2,W,3,41,1.625,20,-1,-5,45,4.3125,4,9
2023,ApachePeak,79,425,781,237.77,26.2,W,57,22,-3.5625,-15,9,-4,45,4.3125,4,9
2022,ApachePeak,79,425,782,266.05,26.2,W,27,23,1.625,20,-1,-5,45,4.3125,4,9
2023,ApachePeak,79,425,782,237.77,26.2,W,124,54,-3.5625,-15,9,-4,45,4.3125,4,9
2022,ApachePeak,79,427,783,266.05,18.6,W,20,24,1.5625,10,-2,1.5,40,5.3125,10,0.5
2023,ApachePeak,79,427,783,237.77,18.6,W,47,28,-4.0625,-10,7,-2,40,5.3125,10,0.5
2022,ApachePeak,79,427,784,266.05,18.6,W,37,47,1.5625,10,-2,1.5,40,5.3125,10,0.5
2023,ApachePeak,79,427,784,237.77,18.6,W,106,32,-4.0625,-10,7,-2,40,5.3125,10,0.5
2022,ApachePeak,79,427,785,266.05,18.6,W,-91,-28,1.5625,10,-2,1.5,40,5.3125,10,0.5
2023,ApachePeak,79,427,785,237.77,18.6,W,0,0,-4.0625,-10,7,-2,40,5.3125,10,0.5
2022,ApachePeak,79,427,786,266.05,18.6,W,46,24,1.5625,10,-2,1.5,40,5.3125,10,0.5
2023,ApachePeak,79,427,786,237.77,18.6,W,91,46,-4.0625,-10,7,-2,40,5.3125,10,0.5
2022,ApachePeak,79,427,787,266.05,18.6,W,21,31,1.5625,10,-2,1.5,40,5.3125,10,0.5
2023,ApachePeak,79,427,787,237.77,18.6,W,111,41,-4.0625,-10,7,-2,40,5.3125,10,0.5
2022,ApachePeak,79,427,788,266.05,18.6,W,14,14,1.5625,10,-2,1.5,40,5.3125,10,0.5
2023,ApachePeak,79,427,788,237.77,18.6,W,19,2,-4.0625,-10,7,-2,40,5.3125,10,0.5
2022,ApachePeak,79,427,789,266.05,18.6,W,41,20,1.5625,10,-2,1.5,40,5.3125,10,0.5
2023,ApachePeak,79,427,789,237.77,18.6,W,100,50,-4.0625,-10,7,-2,40,5.3125,10,0.5
2022,ApachePeak,79,427,790,266.05,18.6,W,23,25,1.5625,10,-2,1.5,40,5.3125,10,0.5
2023,ApachePeak,79,427,790,237.77,18.6,W,80,20,-4.0625,-10,7,-2,40,5.3125,10,0.5
2022,ApachePeak,79,427,791,266.05,18.6,W,23,13,1.5625,10,-2,1.5,40,5.3125,10,0.5
2023,ApachePeak,79,427,791,237.77,18.6,W,91,41,-4.0625,-10,7,-2,40,5.3125,10,0.5
2022,ApachePeak,79,427,792,266.05,18.6,W,29,22,1.5625,10,-2,1.5,40,5.3125,10,0.5
2023,ApachePeak,79,427,792,237.77,18.6,W,55,24,-4.0625,-10,7,-2,40,5.3125,10,0.5
2022,ApachePeak,79,426,793,266.05,20,W,30,28,1.625,30,3,-4,50,3.625,7,5
2023,ApachePeak,79,426,793,237.77,20,W,162,95,-2.75,-35,25,-1,50,3.625,7,5
2022,ApachePeak,79,426,794,266.05,20,W,45,22,1.625,30,3,-4,50,3.625,7,5
2023,ApachePeak,79,426,794,237.77,20,W,87,49,-2.75,-35,25,-1,50,3.625,7,5
2022,ApachePeak,79,426,795,266.05,20,W,26,22,1.625,30,3,-4,50,3.625,7,5
2023,ApachePeak,79,426,795,237.77,20,W,73,38,-2.75,-35,25,-1,50,3.625,7,5
2022,ApachePeak,79,426,796,266.05,20,W,0,26,1.625,30,3,-4,50,3.625,7,5
2023,ApachePeak,79,426,796,237.77,20,W,63,24,-2.75,-35,25,-1,50,3.625,7,5
2022,ApachePeak,79,426,797,266.05,20,W,63,40,1.625,30,3,-4,50,3.625,7,5
2023,ApachePeak,79,426,797,237.77,20,W,158,34,-2.75,-35,25,-1,50,3.625,7,5
2022,ApachePeak,79,426,798,266.05,20,W,35,9,1.625,30,3,-4,50,3.625,7,5
2023,ApachePeak,79,426,798,237.77,20,W,49,26,-2.75,-35,25,-1,50,3.625,7,5
2022,ApachePeak,79,426,799,266.05,20,W,70,50,1.625,30,3,-4,50,3.625,7,5
2023,ApachePeak,79,426,799,237.77,20,W,124,52,-2.75,-35,25,-1,50,3.625,7,5
2022,ApachePeak,79,426,800,266.05,20,W,10,9,1.625,30,3,-4,50,3.625,7,5
2023,ApachePeak,79,426,800,237.77,20,W,23,8,-2.75,-35,25,-1,50,3.625,7,5
2022,ApachePeak,79,426,801,266.05,20,W,-2,0,1.625,30,3,-4,50,3.625,7,5
2023,ApachePeak,79,426,801,237.77,20,W,0,0,-2.75,-35,25,-1,50,3.625,7,5
2022,ApachePeak,79,426,802,266.05,20,W,22,19,1.625,30,3,-4,50,3.625,7,5
2023,ApachePeak,79,426,802,237.77,20,W,-51,-23,-2.75,-35,25,-1,50,3.625,7,5
2022,ApachePeak,85,441,803,265.12,17,E,-39,-11,1,25,-7,3,65,3.5,10,2
2023,ApachePeak,85,441,803,239.64,17,E,0,0,-2.3125,-20,15,-5,65,3.5,10,2
2022,ApachePeak,85,441,804,265.12,17,E,80,107,1,25,-7,3,65,3.5,10,2
2023,ApachePeak,85,441,804,239.64,17,E,152,-3,-2.3125,-20,15,-5,65,3.5,10,2
2022,ApachePeak,85,441,805,265.12,17,E,56,52,1,25,-7,3,65,3.5,10,2
2023,ApachePeak,85,441,805,239.64,17,E,44,-9,-2.3125,-20,15,-5,65,3.5,10,2
2022,ApachePeak,85,441,806,265.12,17,E,34,65,1,25,-7,3,65,3.5,10,2
2023,ApachePeak,85,441,806,239.64,17,E,156,18,-2.3125,-20,15,-5,65,3.5,10,2
2022,ApachePeak,85,441,807,265.12,17,E,-2,19,1,25,-7,3,65,3.5,10,2
2023,ApachePeak,85,441,807,239.64,17,E,57,6,-2.3125,-20,15,-5,65,3.5,10,2
2022,ApachePeak,85,441,808,265.12,17,E,37,69,1,25,-7,3,65,3.5,10,2
2023,ApachePeak,85,441,808,239.64,17,E,58,-24,-2.3125,-20,15,-5,65,3.5,10,2
2022,ApachePeak,85,441,809,265.12,17,E,-6,27,1,25,-7,3,65,3.5,10,2
2023,ApachePeak,85,441,809,239.64,17,E,211,77,-2.3125,-20,15,-5,65,3.5,10,2
2022,ApachePeak,85,441,810,265.12,17,E,9,41,1,25,-7,3,65,3.5,10,2
2023,ApachePeak,85,441,810,239.64,17,E,109,-1,-2.3125,-20,15,-5,65,3.5,10,2
2022,ApachePeak,85,441,811,265.12,17,E,4,6,1,25,-7,3,65,3.5,10,2
2023,ApachePeak,85,441,811,239.64,17,E,14,4,-2.3125,-20,15,-5,65,3.5,10,2
2022,ApachePeak,85,441,812,265.12,17,E,2,22,1,25,-7,3,65,3.5,10,2
2023,ApachePeak,85,441,812,239.64,17,E,38,3,-2.3125,-20,15,-5,65,3.5,10,2
2022,ApachePeak,85,440,813,265.35,20,E,11,12,-1.6875,30,-6,3,25,6.0625,10,3
2023,ApachePeak,85,440,813,239.64,20,E,36,8,-0.875,5,6,-1,25,6.0625,10,3
2022,ApachePeak,85,440,814,265.35,20,E,24,33,-1.6875,30,-6,3,25,6.0625,10,3
2023,ApachePeak,85,440,814,239.64,20,E,99,19,-0.875,5,6,-1,25,6.0625,10,3
2022,ApachePeak,85,440,815,265.35,20,E,-10,-2,-1.6875,30,-6,3,25,6.0625,10,3
2023,ApachePeak,85,440,815,239.64,20,E,0,0,-0.875,5,6,-1,25,6.0625,10,3
2022,ApachePeak,85,440,816,265.35,20,E,14,8,-1.6875,30,-6,3,25,6.0625,10,3
2023,ApachePeak,85,440,816,239.64,20,E,40,16,-0.875,5,6,-1,25,6.0625,10,3
2022,ApachePeak,85,440,817,265.35,20,E,9,16,-1.6875,30,-6,3,25,6.0625,10,3
2023,ApachePeak,85,440,817,239.64,20,E,35,1,-0.875,5,6,-1,25,6.0625,10,3
2022,ApachePeak,85,440,818,265.35,20,E,-6,23,-1.6875,30,-6,3,25,6.0625,10,3
2023,ApachePeak,85,440,818,239.64,20,E,93,30,-0.875,5,6,-1,25,6.0625,10,3
2022,ApachePeak,85,440,819,265.35,20,E,-8,1,-1.6875,30,-6,3,25,6.0625,10,3
2023,ApachePeak,85,440,819,239.64,20,E,3,1,-0.875,5,6,-1,25,6.0625,10,3
2022,ApachePeak,85,440,820,265.35,20,E,-1,4,-1.6875,30,-6,3,25,6.0625,10,3
2023,ApachePeak,85,440,820,239.64,20,E,88,34,-0.875,5,6,-1,25,6.0625,10,3
2022,ApachePeak,85,440,821,265.35,20,E,7,18,-1.6875,30,-6,3,25,6.0625,10,3
2023,ApachePeak,85,440,821,239.64,20,E,34,-1,-0.875,5,6,-1,25,6.0625,10,3
2022,ApachePeak,85,440,822,265.35,20,E,-6,0,-1.6875,30,-6,3,25,6.0625,10,3
2023,ApachePeak,85,440,822,239.64,20,E,0,0,-0.875,5,6,-1,25,6.0625,10,3
2022,ApachePeak,85,439,823,265.35,20.6,E,-10,50,-0.75,10,2,1,70,4.4375,13,0
2023,ApachePeak,85,439,823,239.64,20.6,E,182,35,-0.125,-35,10,-1,70,4.4375,13,0
2022,ApachePeak,85,439,824,265.35,20.6,E,-25,43,-0.75,10,2,1,70,4.4375,13,0
2023,ApachePeak,85,439,824,239.64,20.6,E,109,5,-0.125,-35,10,-1,70,4.4375,13,0
2022,ApachePeak,85,439,825,265.35,20.6,E,-31,-8,-0.75,10,2,1,70,4.4375,13,0
2023,ApachePeak,85,439,825,239.64,20.6,E,74,30,-0.125,-35,10,-1,70,4.4375,13,0
2022,ApachePeak,85,439,826,265.35,20.6,E,1,43,-0.75,10,2,1,70,4.4375,13,0
2023,ApachePeak,85,439,826,239.64,20.6,E,69,4,-0.125,-35,10,-1,70,4.4375,13,0
2022,ApachePeak,85,439,827,265.35,20.6,E,-23,60,-0.75,10,2,1,70,4.4375,13,0
2023,ApachePeak,85,439,827,239.64,20.6,E,91,10,-0.125,-35,10,-1,70,4.4375,13,0
2022,ApachePeak,85,439,828,265.35,20.6,E,-35,-6,-0.75,10,2,1,70,4.4375,13,0
2023,ApachePeak,85,439,828,239.64,20.6,E,0,0,-0.125,-35,10,-1,70,4.4375,13,0
2022,ApachePeak,85,439,829,265.35,20.6,E,-83,-29,-0.75,10,2,1,70,4.4375,13,0
2023,ApachePeak,85,439,829,239.64,20.6,E,6,2,-0.125,-35,10,-1,70,4.4375,13,0
2022,ApachePeak,85,439,830,265.35,20.6,E,9,19,-0.75,10,2,1,70,4.4375,13,0
2023,ApachePeak,85,439,830,239.64,20.6,E,64,23,-0.125,-35,10,-1,70,4.4375,13,0
2022,ApachePeak,85,439,831,265.35,20.6,E,-6,-1,-0.75,10,2,1,70,4.4375,13,0
2023,ApachePeak,85,439,831,239.64,20.6,E,0,2,-0.125,-35,10,-1,70,4.4375,13,0
2022,ApachePeak,85,439,832,265.35,20.6,E,-47,5,-0.75,10,2,1,70,4.4375,13,0
2023,ApachePeak,85,439,832,239.64,20.6,E,70,10,-0.125,-35,10,-1,70,4.4375,13,0
2022,ApachePeak,83,435,833,263.85,20.8,W,-5,0,3.4375,5,-5,22.5,25,6.6875,22,8
2023,ApachePeak,83,435,833,238.46,20.8,W,37,15,-8,-7,1,-30,25,6.6875,22,8
2022,ApachePeak,83,435,834,263.85,20.8,W,26,24,3.4375,5,-5,22.5,25,6.6875,22,8
2023,ApachePeak,83,435,834,238.46,20.8,W,26,-3,-8,-7,1,-30,25,6.6875,22,8
2022,ApachePeak,83,435,835,263.85,20.8,W,36,-6,3.4375,5,-5,22.5,25,6.6875,22,8
2023,ApachePeak,83,435,835,238.46,20.8,W,58,22,-8,-7,1,-30,25,6.6875,22,8
2022,ApachePeak,83,435,836,263.85,20.8,W,18,15,3.4375,5,-5,22.5,25,6.6875,22,8
2023,ApachePeak,83,435,836,238.46,20.8,W,88,21,-8,-7,1,-30,25,6.6875,22,8
2022,ApachePeak,83,435,837,263.85,20.8,W,35,22,3.4375,5,-5,22.5,25,6.6875,22,8
2023,ApachePeak,83,435,837,238.46,20.8,W,55,28,-8,-7,1,-30,25,6.6875,22,8
2022,ApachePeak,83,435,838,263.85,20.8,W,-2,0,3.4375,5,-5,22.5,25,6.6875,22,8
2023,ApachePeak,83,435,838,238.46,20.8,W,41,11,-8,-7,1,-30,25,6.6875,22,8
2022,ApachePeak,83,435,839,263.85,20.8,W,72,62,3.4375,5,-5,22.5,25,6.6875,22,8
2023,ApachePeak,83,435,839,238.46,20.8,W,114,14,-8,-7,1,-30,25,6.6875,22,8
2022,ApachePeak,83,435,840,263.85,20.8,W,8,-1,3.4375,5,-5,22.5,25,6.6875,22,8
2023,ApachePeak,83,435,840,238.46,20.8,W,45,10,-8,-7,1,-30,25,6.6875,22,8
2022,ApachePeak,83,435,841,263.85,20.8,W,16,22,3.4375,5,-5,22.5,25,6.6875,22,8
2023,ApachePeak,83,435,841,238.46,20.8,W,40,18,-8,-7,1,-30,25,6.6875,22,8
2022,ApachePeak,83,435,842,263.85,20.8,W,29,25,3.4375,5,-5,22.5,25,6.6875,22,8
2023,ApachePeak,83,435,842,238.46,20.8,W,69,8,-8,-7,1,-30,25,6.6875,22,8
2022,ApachePeak,83,434,843,263.85,21.2,W,24,10,3.375,-3,-7,23,20,5.75,15,12
2023,ApachePeak,83,434,843,238.46,21.2,W,45,16,-6.0625,8,17,-28,20,5.75,15,12
2022,ApachePeak,83,434,844,263.85,21.2,W,32,17,3.375,-3,-7,23,20,5.75,15,12
2023,ApachePeak,83,434,844,238.46,21.2,W,29,7,-6.0625,8,17,-28,20,5.75,15,12
2022,ApachePeak,83,434,845,263.85,21.2,W,-7,-2,3.375,-3,-7,23,20,5.75,15,12
2023,ApachePeak,83,434,845,238.46,21.2,W,2,1,-6.0625,8,17,-28,20,5.75,15,12
2022,ApachePeak,83,434,846,263.85,21.2,W,-7,-1,3.375,-3,-7,23,20,5.75,15,12
2023,ApachePeak,83,434,846,238.46,21.2,W,-3,0,-6.0625,8,17,-28,20,5.75,15,12
2022,ApachePeak,83,434,847,263.85,21.2,W,18,20,3.375,-3,-7,23,20,5.75,15,12
2023,ApachePeak,83,434,847,238.46,21.2,W,33,7,-6.0625,8,17,-28,20,5.75,15,12
2022,ApachePeak,83,434,848,263.85,21.2,W,18,20,3.375,-3,-7,23,20,5.75,15,12
2023,ApachePeak,83,434,848,238.46,21.2,W,80,20,-6.0625,8,17,-28,20,5.75,15,12
2022,ApachePeak,83,434,849,263.85,21.2,W,13,3,3.375,-3,-7,23,20,5.75,15,12
2023,ApachePeak,83,434,849,238.46,21.2,W,49,21,-6.0625,8,17,-28,20,5.75,15,12
2022,ApachePeak,83,434,850,263.85,21.2,W,31,18,3.375,-3,-7,23,20,5.75,15,12
2023,ApachePeak,83,434,850,238.46,21.2,W,80,23,-6.0625,8,17,-28,20,5.75,15,12
2022,ApachePeak,83,434,851,263.85,21.2,W,-19,-6,3.375,-3,-7,23,20,5.75,15,12
2023,ApachePeak,83,434,851,238.46,21.2,W,16,6,-6.0625,8,17,-28,20,5.75,15,12
2022,ApachePeak,83,434,852,263.85,21.2,W,25,11,3.375,-3,-7,23,20,5.75,15,12
2023,ApachePeak,83,434,852,238.46,21.2,W,48,21,-6.0625,8,17,-28,20,5.75,15,12
2022,ApachePeak,83,433,853,263.85,20.8,W,24,6,1.875,18,-6,4,22,5.25,10,7
2023,ApachePeak,83,433,853,238.46,20.8,W,47,22,-4.625,-15,6,-10,22,5.25,10,7
2022,ApachePeak,83,433,854,263.85,20.8,W,-11,-2,1.875,18,-6,4,22,5.25,10,7
2023,ApachePeak,83,433,854,238.46,20.8,W,95,29,-4.625,-15,6,-10,22,5.25,10,7
2022,ApachePeak,83,433,855,263.85,20.8,W,6,5,1.875,18,-6,4,22,5.25,10,7
2023,ApachePeak,83,433,855,238.46,20.8,W,34,10,-4.625,-15,6,-10,22,5.25,10,7
2022,ApachePeak,83,433,856,263.85,20.8,W,32,27,1.875,18,-6,4,22,5.25,10,7
2023,ApachePeak,83,433,856,238.46,20.8,W,57,7,-4.625,-15,6,-10,22,5.25,10,7
2022,ApachePeak,83,433,857,263.85,20.8,W,20,3,1.875,18,-6,4,22,5.25,10,7
2023,ApachePeak,83,433,857,238.46,20.8,W,29,12,-4.625,-15,6,-10,22,5.25,10,7
2022,ApachePeak,83,433,858,263.85,20.8,W,0,-5,1.875,18,-6,4,22,5.25,10,7
2023,ApachePeak,83,433,858,238.46,20.8,W,143,38,-4.625,-15,6,-10,22,5.25,10,7
2022,ApachePeak,83,433,859,263.85,20.8,W,-8,0,1.875,18,-6,4,22,5.25,10,7
2023,ApachePeak,83,433,859,238.46,20.8,W,21,3,-4.625,-15,6,-10,22,5.25,10,7
2022,ApachePeak,83,433,860,263.85,20.8,W,-6,18,1.875,18,-6,4,22,5.25,10,7
2023,ApachePeak,83,433,860,238.46,20.8,W,70,12,-4.625,-15,6,-10,22,5.25,10,7
2022,ApachePeak,83,433,861,263.85,20.8,W,31,39,1.875,18,-6,4,22,5.25,10,7
2023,ApachePeak,83,433,861,238.46,20.8,W,137,19,-4.625,-15,6,-10,22,5.25,10,7
2022,ApachePeak,83,433,862,263.85,20.8,W,5,8,1.875,18,-6,4,22,5.25,10,7
2023,ApachePeak,83,433,862,238.46,20.8,W,30,5,-4.625,-15,6,-10,22,5.25,10,7
2022,ApachePeak,82,431,863,265.65,8.8,E,18,11,-1,9,-8,8,18,6.75,18,6
2023,ApachePeak,82,431,863,238.71,8.8,E,61,11,-2.875,-5,-2,-12,18,6.75,18,6
2022,ApachePeak,82,431,864,265.65,8.8,E,7,14,-1,9,-8,8,18,6.75,18,6
2023,ApachePeak,82,431,864,238.71,8.8,E,44,11,-2.875,-5,-2,-12,18,6.75,18,6
2022,ApachePeak,82,431,865,265.65,8.8,E,0,16,-1,9,-8,8,18,6.75,18,6
2023,ApachePeak,82,431,865,238.71,8.8,E,45,-9,-2.875,-5,-2,-12,18,6.75,18,6
2022,ApachePeak,82,431,866,265.65,8.8,E,20,22,-1,9,-8,8,18,6.75,18,6
2023,ApachePeak,82,431,866,238.71,8.8,E,41,3,-2.875,-5,-2,-12,18,6.75,18,6
2022,ApachePeak,82,431,867,265.65,8.8,E,36,21,-1,9,-8,8,18,6.75,18,6
2023,ApachePeak,82,431,867,238.71,8.8,E,36,6,-2.875,-5,-2,-12,18,6.75,18,6
2022,ApachePeak,82,431,868,265.65,8.8,E,36,37,-1,9,-8,8,18,6.75,18,6
2023,ApachePeak,82,431,868,238.71,8.8,E,60,10,-2.875,-5,-2,-12,18,6.75,18,6
2022,ApachePeak,82,431,869,265.65,8.8,E,30,20,-1,9,-8,8,18,6.75,18,6
2023,ApachePeak,82,431,869,238.71,8.8,E,60,4,-2.875,-5,-2,-12,18,6.75,18,6
2022,ApachePeak,82,431,870,265.65,8.8,E,-2,14,-1,9,-8,8,18,6.75,18,6
2023,ApachePeak,82,431,870,238.71,8.8,E,69,18,-2.875,-5,-2,-12,18,6.75,18,6
2022,ApachePeak,82,431,871,265.65,8.8,E,21,28,-1,9,-8,8,18,6.75,18,6
2023,ApachePeak,82,431,871,238.71,8.8,E,52,-1,-2.875,-5,-2,-12,18,6.75,18,6
2022,ApachePeak,82,431,872,265.65,8.8,E,2,3,-1,9,-8,8,18,6.75,18,6
2023,ApachePeak,82,431,872,238.71,8.8,E,-1,-1,-2.875,-5,-2,-12,18,6.75,18,6
2022,ApachePeak,82,432,873,265.65,9.4,E,27,22,-4.625,-6,-10,4,18,6.75,18,6
2023,ApachePeak,82,432,873,238.71,9.4,E,35,3,-0.625,3,17,-9.5,18,6.75,18,6
2022,ApachePeak,82,432,875,265.65,9.4,E,13,14,-4.625,-6,-10,4,18,6.75,18,6
2023,ApachePeak,82,432,875,238.71,9.4,E,8,-3,-0.625,3,17,-9.5,18,6.75,18,6
2022,ApachePeak,82,432,879,265.65,9.4,E,26,24,-4.625,-6,-10,4,18,6.75,18,6
2023,ApachePeak,82,432,879,238.71,9.4,E,36,-3,-0.625,3,17,-9.5,18,6.75,18,6
2022,ApachePeak,82,432,880,265.65,9.4,E,36,24,-4.625,-6,-10,4,18,6.75,18,6
2023,ApachePeak,82,432,880,238.71,9.4,E,47,8,-0.625,3,17,-9.5,18,6.75,18,6
2022,ApachePeak,82,432,881,265.65,9.4,E,13,14,-4.625,-6,-10,4,18,6.75,18,6
2023,ApachePeak,82,432,881,238.71,9.4,E,38,2,-0.625,3,17,-9.5,18,6.75,18,6
2022,ApachePeak,82,432,882,265.65,9.4,E,31,46,-4.625,-6,-10,4,18,6.75,18,6
2023,ApachePeak,82,432,882,238.71,9.4,E,65,-3,-0.625,3,17,-9.5,18,6.75,18,6
2022,ApachePeak,82,430,883,265.65,4.2,flat,5,3,-5.1875,-2,-15,3,12,8.6875,25,5
2023,ApachePeak,82,430,883,238.71,4.2,flat,-5,-2,-1.875,5,2,-5,12,8.6875,25,5
2022,ApachePeak,82,430,884,265.65,4.2,flat,14,7,-5.1875,-2,-15,3,12,8.6875,25,5
2023,ApachePeak,82,430,884,238.71,4.2,flat,22,3,-1.875,5,2,-5,12,8.6875,25,5
2022,ApachePeak,82,430,885,265.65,4.2,flat,-9,0,-5.1875,-2,-15,3,12,8.6875,25,5
2023,ApachePeak,82,430,885,238.71,4.2,flat,42,9,-1.875,5,2,-5,12,8.6875,25,5
2022,ApachePeak,82,430,886,265.65,4.2,flat,15,10,-5.1875,-2,-15,3,12,8.6875,25,5
2023,ApachePeak,82,430,886,238.71,4.2,flat,26,7,-1.875,5,2,-5,12,8.6875,25,5
2022,ApachePeak,82,430,887,265.65,4.2,flat,17,21,-5.1875,-2,-15,3,12,8.6875,25,5
2023,ApachePeak,82,430,887,238.71,4.2,flat,52,0,-1.875,5,2,-5,12,8.6875,25,5
2022,ApachePeak,82,430,888,265.65,4.2,flat,9,7,-5.1875,-2,-15,3,12,8.6875,25,5
2023,ApachePeak,82,430,888,238.71,4.2,flat,42,20,-1.875,5,2,-5,12,8.6875,25,5
2022,ApachePeak,82,430,889,265.65,4.2,flat,12,7,-5.1875,-2,-15,3,12,8.6875,25,5
2023,ApachePeak,82,430,889,238.71,4.2,flat,9,-5,-1.875,5,2,-5,12,8.6875,25,5
2022,ApachePeak,82,430,890,265.65,4.2,flat,6,6,-5.1875,-2,-15,3,12,8.6875,25,5
2023,ApachePeak,82,430,890,238.71,4.2,flat,20,4,-1.875,5,2,-5,12,8.6875,25,5
2022,ApachePeak,82,430,891,265.65,4.2,flat,-3,0,-5.1875,-2,-15,3,12,8.6875,25,5
2023,ApachePeak,82,430,891,238.71,4.2,flat,0,0,-1.875,5,2,-5,12,8.6875,25,5
2022,ApachePeak,82,430,892,265.65,4.2,flat,14,10,-5.1875,-2,-15,3,12,8.6875,25,5
2023,ApachePeak,82,430,892,238.71,4.2,flat,15,-1,-1.875,5,2,-5,12,8.6875,25,5
2022,ApachePeak,84,436,893,263.63,25.8,S,38,25,0.4375,15,-3,2,10,3.1875,8,10
2023,ApachePeak,84,436,893,238.8,25.8,S,67,15,-2.25,20,8,-7,10,3.1875,8,10
2022,ApachePeak,84,436,894,263.63,25.8,S,27,32,0.4375,15,-3,2,10,3.1875,8,10
2023,ApachePeak,84,436,894,238.8,25.8,S,71,-1,-2.25,20,8,-7,10,3.1875,8,10
2022,ApachePeak,84,436,895,263.63,25.8,S,76,45,0.4375,15,-3,2,10,3.1875,8,10
2023,ApachePeak,84,436,895,238.8,25.8,S,74,16,-2.25,20,8,-7,10,3.1875,8,10
2022,ApachePeak,84,436,896,263.63,25.8,S,29,22,0.4375,15,-3,2,10,3.1875,8,10
2023,ApachePeak,84,436,896,238.8,25.8,S,65,15,-2.25,20,8,-7,10,3.1875,8,10
2022,ApachePeak,84,436,897,263.63,25.8,S,10,6,0.4375,15,-3,2,10,3.1875,8,10
2023,ApachePeak,84,436,897,238.8,25.8,S,19,2,-2.25,20,8,-7,10,3.1875,8,10
2022,ApachePeak,84,436,898,263.63,25.8,S,44,28,0.4375,15,-3,2,10,3.1875,8,10
2023,ApachePeak,84,436,898,238.8,25.8,S,64,19,-2.25,20,8,-7,10,3.1875,8,10
2022,ApachePeak,84,436,899,263.63,25.8,S,120,51,0.4375,15,-3,2,10,3.1875,8,10
2023,ApachePeak,84,436,899,238.8,25.8,S,136,65,-2.25,20,8,-7,10,3.1875,8,10
2022,ApachePeak,84,436,900,263.63,25.8,S,-24,-17,0.4375,15,-3,2,10,3.1875,8,10
2023,ApachePeak,84,436,900,238.8,25.8,S,108,39,-2.25,20,8,-7,10,3.1875,8,10
2022,ApachePeak,84,436,901,263.63,25.8,S,45,13,0.4375,15,-3,2,10,3.1875,8,10
2023,ApachePeak,84,436,901,238.8,25.8,S,64,26,-2.25,20,8,-7,10,3.1875,8,10
2022,ApachePeak,84,436,902,263.63,25.8,S,50,43,0.4375,15,-3,2,10,3.1875,8,10
2023,ApachePeak,84,436,902,238.8,25.8,S,143,35,-2.25,20,8,-7,10,3.1875,8,10
2022,ApachePeak,84,438,903,263.63,22.6,S,22,11,0.1875,8,-7,0.5,25,7.5,18,3.5
2023,ApachePeak,84,438,903,238.8,22.6,S,96,35,-4.625,17,9,-2,25,7.5,18,3.5
2022,ApachePeak,84,438,904,263.63,22.6,S,63,12,0.1875,8,-7,0.5,25,7.5,18,3.5
2023,ApachePeak,84,438,904,238.8,22.6,S,25,27,-4.625,17,9,-2,25,7.5,18,3.5
2022,ApachePeak,84,438,905,263.63,22.6,S,27,-5,0.1875,8,-7,0.5,25,7.5,18,3.5
2023,ApachePeak,84,438,905,238.8,22.6,S,62,43,-4.625,17,9,-2,25,7.5,18,3.5
2022,ApachePeak,84,438,906,263.63,22.6,S,36,8,0.1875,8,-7,0.5,25,7.5,18,3.5
2023,ApachePeak,84,438,906,238.8,22.6,S,16,19,-4.625,17,9,-2,25,7.5,18,3.5
2022,ApachePeak,84,438,907,263.63,22.6,S,63,24,0.1875,8,-7,0.5,25,7.5,18,3.5
2023,ApachePeak,84,438,907,238.8,22.6,S,94,32,-4.625,17,9,-2,25,7.5,18,3.5
2022,ApachePeak,84,438,908,263.63,22.6,S,13,4,0.1875,8,-7,0.5,25,7.5,18,3.5
2023,ApachePeak,84,438,908,238.8,22.6,S,56,27,-4.625,17,9,-2,25,7.5,18,3.5
2022,ApachePeak,84,438,909,263.63,22.6,S,10,-1,0.1875,8,-7,0.5,25,7.5,18,3.5
2023,ApachePeak,84,438,909,238.8,22.6,S,43,27,-4.625,17,9,-2,25,7.5,18,3.5
2022,ApachePeak,84,438,910,263.63,22.6,S,70,41,0.1875,8,-7,0.5,25,7.5,18,3.5
2023,ApachePeak,84,438,910,238.8,22.6,S,58,9,-4.625,17,9,-2,25,7.5,18,3.5
2022,ApachePeak,84,438,911,263.63,22.6,S,53,23,0.1875,8,-7,0.5,25,7.5,18,3.5
2023,ApachePeak,84,438,911,238.8,22.6,S,30,5,-4.625,17,9,-2,25,7.5,18,3.5
2022,ApachePeak,84,438,912,263.63,22.6,S,41,22,0.1875,8,-7,0.5,25,7.5,18,3.5
2023,ApachePeak,84,438,912,238.8,22.6,S,86,33,-4.625,17,9,-2,25,7.5,18,3.5
2022,ApachePeak,84,437,913,263.63,23.4,S,49,18,0.0625,13,-4,-4.5,25,4.8125,18,9
2023,ApachePeak,84,437,913,238.8,23.4,S,78,40,-2.0625,2,21,-2.5,25,4.8125,18,9
2022,ApachePeak,84,437,914,263.63,23.4,S,31,26,0.0625,13,-4,-4.5,25,4.8125,18,9
2023,ApachePeak,84,437,914,238.8,23.4,S,83,19,-2.0625,2,21,-2.5,25,4.8125,18,9
2022,ApachePeak,84,437,915,263.63,23.4,S,31,7,0.0625,13,-4,-4.5,25,4.8125,18,9
2023,ApachePeak,84,437,915,238.8,23.4,S,63,25,-2.0625,2,21,-2.5,25,4.8125,18,9
2022,ApachePeak,84,437,916,263.63,23.4,S,20,40,0.0625,13,-4,-4.5,25,4.8125,18,9
2023,ApachePeak,84,437,916,238.8,23.4,S,106,15,-2.0625,2,21,-2.5,25,4.8125,18,9
2022,ApachePeak,84,437,917,263.63,23.4,S,10,1,0.0625,13,-4,-4.5,25,4.8125,18,9
2023,ApachePeak,84,437,917,238.8,23.4,S,21,15,-2.0625,2,21,-2.5,25,4.8125,18,9
2022,ApachePeak,84,437,918,263.63,23.4,S,7,28,0.0625,13,-4,-4.5,25,4.8125,18,9
2023,ApachePeak,84,437,918,238.8,23.4,S,73,17,-2.0625,2,21,-2.5,25,4.8125,18,9
2022,ApachePeak,84,437,919,263.63,23.4,S,7,2,0.0625,13,-4,-4.5,25,4.8125,18,9
2023,ApachePeak,84,437,919,238.8,23.4,S,12,7,-2.0625,2,21,-2.5,25,4.8125,18,9
2022,ApachePeak,84,437,920,263.63,23.4,S,4,6,0.0625,13,-4,-4.5,25,4.8125,18,9
2023,ApachePeak,84,437,920,238.8,23.4,S,3,-4,-2.0625,2,21,-2.5,25,4.8125,18,9
2022,ApachePeak,84,437,921,263.63,23.4,S,74,25,0.0625,13,-4,-4.5,25,4.8125,18,9
2023,ApachePeak,84,437,921,238.8,23.4,S,56,24,-2.0625,2,21,-2.5,25,4.8125,18,9
2022,ApachePeak,84,437,922,263.63,23.4,S,17,6,0.0625,13,-4,-4.5,25,4.8125,18,9
2023,ApachePeak,84,437,922,238.8,23.4,S,22,12,-2.0625,2,21,-2.5,25,4.8125,18,9
2022,ApachePeak,80,428,923,265.61,21,E,13,16,4.375,10,-5,7,20,6.5625,13,4
2023,ApachePeak,80,428,923,238.66,21,E,60,17,-8.6875,7,15,-7,20,6.5625,13,4
2022,ApachePeak,80,428,924,265.61,21,E,25,27,4.375,10,-5,7,20,6.5625,13,4
2023,ApachePeak,80,428,924,238.66,21,E,69,6,-8.6875,7,15,-7,20,6.5625,13,4
2022,ApachePeak,80,428,925,265.61,21,E,25,19,4.375,10,-5,7,20,6.5625,13,4
2023,ApachePeak,80,428,925,238.66,21,E,102,36,-8.6875,7,15,-7,20,6.5625,13,4
2022,ApachePeak,80,428,926,265.61,21,E,0,12,4.375,10,-5,7,20,6.5625,13,4
2023,ApachePeak,80,428,926,238.66,21,E,110,26,-8.6875,7,15,-7,20,6.5625,13,4
2022,ApachePeak,80,428,927,265.61,21,E,94,57,4.375,10,-5,7,20,6.5625,13,4
2023,ApachePeak,80,428,927,238.66,21,E,191,66,-8.6875,7,15,-7,20,6.5625,13,4
2022,ApachePeak,80,428,928,265.61,21,E,6,10,4.375,10,-5,7,20,6.5625,13,4
2023,ApachePeak,80,428,928,238.66,21,E,50,11,-8.6875,7,15,-7,20,6.5625,13,4
2022,ApachePeak,80,428,929,265.61,21,E,27,26,4.375,10,-5,7,20,6.5625,13,4
2023,ApachePeak,80,428,929,238.66,21,E,52,6,-8.6875,7,15,-7,20,6.5625,13,4
2022,ApachePeak,80,428,930,265.61,21,E,22,19,4.375,10,-5,7,20,6.5625,13,4
2023,ApachePeak,80,428,930,238.66,21,E,89,23,-8.6875,7,15,-7,20,6.5625,13,4
2022,ApachePeak,80,428,931,265.61,21,E,-7,21,4.375,10,-5,7,20,6.5625,13,4
2023,ApachePeak,80,428,931,238.66,21,E,130,30,-8.6875,7,15,-7,20,6.5625,13,4
2022,ApachePeak,80,428,932,265.61,21,E,2,5,4.375,10,-5,7,20,6.5625,13,4
2023,ApachePeak,80,428,932,238.66,21,E,41,9,-8.6875,7,15,-7,20,6.5625,13,4
2022,ApachePeak,80,429,933,265.61,20,E,-4,19,4.9375,-3,-6,6,18,4.625,10,5
2023,ApachePeak,80,429,933,238.66,20,E,34,3,-7.0625,10,14,-7,18,4.625,10,5
2022,ApachePeak,80,429,934,265.61,20,E,5,13,4.9375,-3,-6,6,18,4.625,10,5
2023,ApachePeak,80,429,934,238.66,20,E,15,-3,-7.0625,10,14,-7,18,4.625,10,5
2022,ApachePeak,80,429,935,265.61,20,E,3,20,4.9375,-3,-6,6,18,4.625,10,5
2023,ApachePeak,80,429,935,238.66,20,E,38,2,-7.0625,10,14,-7,18,4.625,10,5
2022,ApachePeak,80,429,936,265.61,20,E,3,22,4.9375,-3,-6,6,18,4.625,10,5
2023,ApachePeak,80,429,936,238.66,20,E,100,28,-7.0625,10,14,-7,18,4.625,10,5
2022,ApachePeak,80,429,937,265.61,20,E,2,25,4.9375,-3,-6,6,18,4.625,10,5
2023,ApachePeak,80,429,937,238.66,20,E,53,3,-7.0625,10,14,-7,18,4.625,10,5
2022,ApachePeak,80,429,938,265.61,20,E,0,0,4.9375,-3,-6,6,18,4.625,10,5
2023,ApachePeak,80,429,938,238.66,20,E,13,4,-7.0625,10,14,-7,18,4.625,10,5
2022,ApachePeak,80,429,939,265.61,20,E,15,26,4.9375,-3,-6,6,18,4.625,10,5
2023,ApachePeak,80,429,939,238.66,20,E,52,0,-7.0625,10,14,-7,18,4.625,10,5
2022,ApachePeak,80,429,940,265.61,20,E,14,14,4.9375,-3,-6,6,18,4.625,10,5
2023,ApachePeak,80,429,940,238.66,20,E,61,20,-7.0625,10,14,-7,18,4.625,10,5
2022,ApachePeak,80,429,941,265.61,20,E,4,15,4.9375,-3,-6,6,18,4.625,10,5
2023,ApachePeak,80,429,941,238.66,20,E,42,8,-7.0625,10,14,-7,18,4.625,10,5
2022,ApachePeak,80,429,942,265.61,20,E,23,36,4.9375,-3,-6,6,18,4.625,10,5
2023,ApachePeak,80,429,942,238.66,20,E,62,9,-7.0625,10,14,-7,18,4.625,10,5
