Year,Site,Transect,Plot,Plant_ID,Aspect,PlotSlope,Prev_year_precip,Change_ReproductiveCulms,Change_TotalCulms,Change_BGDensity,Change_BGCover,Change_ShrubCover,Change_HerbCover,Init_BGDensity,Init_BGCover,Init_ShrubCover,Init_HerbCover
2021,TumamocHill,5_2,260,1,W,10.2,367.02,-4,-14,2.875,8,-5,0,1.6875,25,25,1
2022,TumamocHill,5_2,260,1,W,10.2,243.73,0,0,2.75,7,15,0.5,1.6875,25,25,1
2021,TumamocHill,5_2,260,2,W,10.2,367.02,3,29,2.875,8,-5,0,1.6875,25,25,1
2022,TumamocHill,5_2,260,2,W,10.2,243.73,13,17,2.75,7,15,0.5,1.6875,25,25,1
2021,TumamocHill,5_2,260,3,W,10.2,367.02,12,14,2.875,8,-5,0,1.6875,25,25,1
2022,TumamocHill,5_2,260,3,W,10.2,243.73,-5,2,2.75,7,15,0.5,1.6875,25,25,1
2021,TumamocHill,5_2,260,4,W,10.2,367.02,-3,-14,2.875,8,-5,0,1.6875,25,25,1
2022,TumamocHill,5_2,260,4,W,10.2,243.73,0,0,2.75,7,15,0.5,1.6875,25,25,1
2021,TumamocHill,5_2,260,5,W,10.2,367.02,-5,9,2.875,8,-5,0,1.6875,25,25,1
2022,TumamocHill,5_2,260,5,W,10.2,243.73,9,10,2.75,7,15,0.5,1.6875,25,25,1
2021,TumamocHill,5_2,260,6,W,10.2,367.02,20,28,2.875,8,-5,0,1.6875,25,25,1
2022,TumamocHill,5_2,260,6,W,10.2,243.73,-5,1,2.75,7,15,0.5,1.6875,25,25,1
2021,TumamocHill,5_2,260,7,W,10.2,367.02,6,27,2.875,8,-5,0,1.6875,25,25,1
2022,TumamocHill,5_2,260,7,W,10.2,243.73,19,18,2.75,7,15,0.5,1.6875,25,25,1
2021,TumamocHill,5_2,260,8,W,10.2,367.02,9,10,2.875,8,-5,0,1.6875,25,25,1
2022,TumamocHill,5_2,260,8,W,10.2,243.73,-4,30,2.75,7,15,0.5,1.6875,25,25,1
2021,TumamocHill,5_2,260,9,W,10.2,367.02,-1,-3,2.875,8,-5,0,1.6875,25,25,1
2022,TumamocHill,5_2,260,9,W,10.2,243.73,0,0,2.75,7,15,0.5,1.6875,25,25,1
2021,TumamocHill,5_2,260,10,W,10.2,367.02,7,34,2.875,8,-5,0,1.6875,25,25,1
2022,TumamocHill,5_2,260,10,W,10.2,243.73,15,17,2.75,7,15,0.5,1.6875,25,25,1
2021,TumamocHill,5_2,261,11,W,6.6,367.02,-2,-5,7.375,0,-3,15,3.125,40,8,6
2022,TumamocHill,5_2,261,11,W,6.6,243.73,0,0,0.0625,-10,3,-16,3.125,40,8,6
2021,TumamocHill,5_2,261,12,W,6.6,367.02,-11,-18,7.375,0,-3,15,3.125,40,8,6
2022,TumamocHill,5_2,261,12,W,6.6,243.73,0,0,0.0625,-10,3,-16,3.125,40,8,6
2021,TumamocHill,5_2,261,13,W,6.6,367.02,-6,-17,7.375,0,-3,15,3.125,40,8,6
2022,TumamocHill,5_2,261,13,W,6.6,243.73,3,3,0.0625,-10,3,-16,3.125,40,8,6
2021,TumamocHill,5_2,261,14,W,6.6,367.02,-4,-20,7.375,0,-3,15,3.125,40,8,6
2022,TumamocHill,5_2,261,14,W,6.6,243.73,1,8,0.0625,-10,3,-16,3.125,40,8,6
2021,TumamocHill,5_2,261,15,W,6.6,367.02,12,34,7.375,0,-3,15,3.125,40,8,6
2022,TumamocHill,5_2,261,15,W,6.6,243.73,-4,20,0.0625,-10,3,-16,3.125,40,8,6
2021,TumamocHill,5_2,261,16,W,6.6,367.02,1,11,7.375,0,-3,15,3.125,40,8,6
2022,TumamocHill,5_2,261,16,W,6.6,243.73,-16,-13,0.0625,-10,3,-16,3.125,40,8,6
2021,TumamocHill,5_2,261,17,W,6.6,367.02,14,31,7.375,0,-3,15,3.125,40,8,6
2022,TumamocHill,5_2,261,17,W,6.6,243.73,-11,10,0.0625,-10,3,-16,3.125,40,8,6
2021,TumamocHill,5_2,261,18,W,6.6,367.02,36,49,7.375,0,-3,15,3.125,40,8,6
2022,TumamocHill,5_2,261,18,W,6.6,243.73,-29,2,0.0625,-10,3,-16,3.125,40,8,6
2021,TumamocHill,5_2,261,19,W,6.6,367.02,1,-2,7.375,0,-3,15,3.125,40,8,6
2022,TumamocHill,5_2,261,19,W,6.6,243.73,0,9,0.0625,-10,3,-16,3.125,40,8,6
2021,TumamocHill,5_2,261,20,W,6.6,367.02,6,-4,7.375,0,-3,15,3.125,40,8,6
2022,TumamocHill,5_2,261,20,W,6.6,243.73,-2,8,0.0625,-10,3,-16,3.125,40,8,6
2021,TumamocHill,5_2,262,21,W,14.6,367.02,15,31,1.6875,20,-25,6,2.5,30,40,26
2022,TumamocHill,5_2,262,21,W,14.6,243.73,13,16,6.9375,-23,15,-19,2.5,30,40,26
2021,TumamocHill,5_2,262,22,W,14.6,367.02,-10,-17,1.6875,20,-25,6,2.5,30,40,26
2022,TumamocHill,5_2,262,22,W,14.6,243.73,0,0,6.9375,-23,15,-19,2.5,30,40,26
2021,TumamocHill,5_2,262,23,W,14.6,367.02,1,10,1.6875,20,-25,6,2.5,30,40,26
2022,TumamocHill,5_2,262,23,W,14.6,243.73,18,24,6.9375,-23,15,-19,2.5,30,40,26
2021,TumamocHill,5_2,262,24,W,14.6,367.02,11,32,1.6875,20,-25,6,2.5,30,40,26
2022,TumamocHill,5_2,262,24,W,14.6,243.73,4,4,6.9375,-23,15,-19,2.5,30,40,26
2021,TumamocHill,5_2,262,25,W,14.6,367.02,-25,-31,1.6875,20,-25,6,2.5,30,40,26
2022,TumamocHill,5_2,262,25,W,14.6,243.73,0,0,6.9375,-23,15,-19,2.5,30,40,26
2021,TumamocHill,5_2,262,26,W,14.6,367.02,20,-12,1.6875,20,-25,6,2.5,30,40,26
2022,TumamocHill,5_2,262,26,W,14.6,243.73,-10,66,6.9375,-23,15,-19,2.5,30,40,26
2021,TumamocHill,5_2,262,27,W,14.6,367.02,-2,-10,1.6875,20,-25,6,2.5,30,40,26
2022,TumamocHill,5_2,262,27,W,14.6,243.73,-9,-20,6.9375,-23,15,-19,2.5,30,40,26
2021,TumamocHill,5_2,262,28,W,14.6,367.02,-28,-57,1.6875,20,-25,6,2.5,30,40,26
2022,TumamocHill,5_2,262,28,W,14.6,243.73,8,28,6.9375,-23,15,-19,2.5,30,40,26
2021,TumamocHill,5_2,262,29,W,14.6,367.02,12,26,1.6875,20,-25,6,2.5,30,40,26
2022,TumamocHill,5_2,262,29,W,14.6,243.73,-10,25,6.9375,-23,15,-19,2.5,30,40,26
2021,TumamocHill,5_2,262,30,W,14.6,367.02,31,14,1.6875,20,-25,6,2.5,30,40,26
2022,TumamocHill,5_2,262,30,W,14.6,243.73,-18,38,6.9375,-23,15,-19,2.5,30,40,26
2021,TumamocHill,5_3,40,31,N,8,366.99,26,10,3.5,15,0,-9.5,5.1875,30,10,23
2022,TumamocHill,5_3,40,31,N,8,243.62,-7,-2,8.0625,-7,0,-11.5,5.1875,30,10,23
2021,TumamocHill,5_3,40,32,N,8,366.99,0,-5,3.5,15,0,-9.5,5.1875,30,10,23
2022,TumamocHill,5_3,40,32,N,8,243.62,0,0,8.0625,-7,0,-11.5,5.1875,30,10,23
2021,TumamocHill,5_3,40,33,N,8,366.99,-2,-11,3.5,15,0,-9.5,5.1875,30,10,23
2022,TumamocHill,5_3,40,33,N,8,243.62,0,0,8.0625,-7,0,-11.5,5.1875,30,10,23
2021,TumamocHill,5_3,40,34,N,8,366.99,6,22,3.5,15,0,-9.5,5.1875,30,10,23
2022,TumamocHill,5_3,40,34,N,8,243.62,19,36,8.0625,-7,0,-11.5,5.1875,30,10,23
2021,TumamocHill,5_3,40,35,N,8,366.99,10,6,3.5,15,0,-9.5,5.1875,30,10,23
2022,TumamocHill,5_3,40,35,N,8,243.62,27,41,8.0625,-7,0,-11.5,5.1875,30,10,23
2021,TumamocHill,5_3,40,36,N,8,366.99,-2,1,3.5,15,0,-9.5,5.1875,30,10,23
2022,TumamocHill,5_3,40,36,N,8,243.62,0,-5,8.0625,-7,0,-11.5,5.1875,30,10,23
2021,TumamocHill,5_3,40,37,N,8,366.99,-2,-6,3.5,15,0,-9.5,5.1875,30,10,23
2022,TumamocHill,5_3,40,37,N,8,243.62,9,29,8.0625,-7,0,-11.5,5.1875,30,10,23
2021,TumamocHill,5_3,40,38,N,8,366.99,13,20,3.5,15,0,-9.5,5.1875,30,10,23
2022,TumamocHill,5_3,40,38,N,8,243.62,-3,2,8.0625,-7,0,-11.5,5.1875,30,10,23
2021,TumamocHill,5_3,40,39,N,8,366.99,-1,-6,3.5,15,0,-9.5,5.1875,30,10,23
2022,TumamocHill,5_3,40,39,N,8,243.62,0,0,8.0625,-7,0,-11.5,5.1875,30,10,23
2021,TumamocHill,3_1,299,43,E,21.6,359.41,-7,-16,22.375,35,-5,3.5,2.1875,30,15,2
2021,TumamocHill,3_1,299,44,E,21.6,359.41,-12,-22,22.375,35,-5,3.5,2.1875,30,15,2
2021,TumamocHill,3_1,299,45,E,21.6,359.41,-62,-61,22.375,35,-5,3.5,2.1875,30,15,2
2021,TumamocHill,3_1,299,46,E,21.6,359.41,-35,-46,22.375,35,-5,3.5,2.1875,30,15,2
2021,TumamocHill,3_1,299,47,E,21.6,359.41,-41,-57,22.375,35,-5,3.5,2.1875,30,15,2
2021,TumamocHill,3_1,299,48,E,21.6,359.41,-7,-10,22.375,35,-5,3.5,2.1875,30,15,2
2021,TumamocHill,3_1,299,49,E,21.6,359.41,-22,-29,22.375,35,-5,3.5,2.1875,30,15,2
2021,TumamocHill,3_1,299,50,E,21.6,359.41,-7,-10,22.375,35,-5,3.5,2.1875,30,15,2
2021,TumamocHill,3_1,299,51,E,21.6,359.41,-4,-7,22.375,35,-5,3.5,2.1875,30,15,2
2021,TumamocHill,3_1,299,52,E,21.6,359.41,-26,-47,22.375,35,-5,3.5,2.1875,30,15,2
2021,TumamocHill,3_1,300,53,E,12,359.41,-36,-52,18.75,42,-7,10.5,3.4375,28,15,2
2021,TumamocHill,3_1,300,54,E,12,359.41,-6,-14,18.75,42,-7,10.5,3.4375,28,15,2
2021,TumamocHill,3_1,300,55,E,12,359.41,-6,-12,18.75,42,-7,10.5,3.4375,28,15,2
2021,TumamocHill,3_1,300,56,E,12,359.41,-4,-7,18.75,42,-7,10.5,3.4375,28,15,2
2021,TumamocHill,3_1,300,57,E,12,359.41,-9,-15,18.75,42,-7,10.5,3.4375,28,15,2
2021,TumamocHill,3_1,300,58,E,12,359.41,-20,-23,18.75,42,-7,10.5,3.4375,28,15,2
2021,TumamocHill,3_1,300,59,E,12,359.41,-6,-12,18.75,42,-7,10.5,3.4375,28,15,2
2021,TumamocHill,3_1,300,60,E,12,359.41,-8,-18,18.75,42,-7,10.5,3.4375,28,15,2
2021,TumamocHill,3_1,300,61,E,12,359.41,-6,-13,18.75,42,-7,10.5,3.4375,28,15,2
2021,TumamocHill,3_1,300,62,E,12,359.41,-9,-20,18.75,42,-7,10.5,3.4375,28,15,2
2021,TumamocHill,3_1,331,63,E,17.8,359.41,-7,-18,12.75,42,2,6.5,4.0625,38,3,1
2021,TumamocHill,3_1,331,64,E,17.8,359.41,-2,-8,12.75,42,2,6.5,4.0625,38,3,1
2021,TumamocHill,3_1,331,65,E,17.8,359.41,-54,-64,12.75,42,2,6.5,4.0625,38,3,1
2021,TumamocHill,3_1,331,66,E,17.8,359.41,-3,0,12.75,42,2,6.5,4.0625,38,3,1
2021,TumamocHill,3_1,331,67,E,17.8,359.41,-45,-65,12.75,42,2,6.5,4.0625,38,3,1
2021,TumamocHill,3_1,331,68,E,17.8,359.41,0,-2,12.75,42,2,6.5,4.0625,38,3,1
2021,TumamocHill,3_1,331,69,E,17.8,359.41,-7,-13,12.75,42,2,6.5,4.0625,38,3,1
2021,TumamocHill,3_1,331,70,E,17.8,359.41,-3,-7,12.75,42,2,6.5,4.0625,38,3,1
2021,TumamocHill,3_1,331,71,E,17.8,359.41,-6,-11,12.75,42,2,6.5,4.0625,38,3,1
2021,TumamocHill,3_1,331,72,E,17.8,359.41,-5,-8,12.75,42,2,6.5,4.0625,38,3,1
2021,TumamocHill,5_3,41,73,N,16.2,366.99,-3,-7,5.1875,21,-18,-33,2.9375,12,33,55
2022,TumamocHill,5_3,41,73,N,16.2,243.62,0,0,1.6875,-15,10,-13,2.9375,12,33,55
2021,TumamocHill,5_3,41,74,N,16.2,366.99,-3,-5,5.1875,21,-18,-33,2.9375,12,33,55
2022,TumamocHill,5_3,41,74,N,16.2,243.62,0,-2,1.6875,-15,10,-13,2.9375,12,33,55
2021,TumamocHill,5_3,41,75,N,16.2,366.99,-14,-21,5.1875,21,-18,-33,2.9375,12,33,55
2022,TumamocHill,5_3,41,75,N,16.2,243.62,0,0,1.6875,-15,10,-13,2.9375,12,33,55
2021,TumamocHill,5_3,41,76,N,16.2,366.99,9,23,5.1875,21,-18,-33,2.9375,12,33,55
2022,TumamocHill,5_3,41,76,N,16.2,243.62,18,29,1.6875,-15,10,-13,2.9375,12,33,55
2021,TumamocHill,5_3,41,78,N,16.2,366.99,-9,-24,5.1875,21,-18,-33,2.9375,12,33,55
2022,TumamocHill,5_3,41,78,N,16.2,243.62,0,0,1.6875,-15,10,-13,2.9375,12,33,55
2021,TumamocHill,5_3,41,79,N,16.2,366.99,-4,-16,5.1875,21,-18,-33,2.9375,12,33,55
2022,TumamocHill,5_3,41,79,N,16.2,243.62,0,0,1.6875,-15,10,-13,2.9375,12,33,55
2021,TumamocHill,5_3,41,80,N,16.2,366.99,1,7,5.1875,21,-18,-33,2.9375,12,33,55
2022,TumamocHill,5_3,41,80,N,16.2,243.62,0,2,1.6875,-15,10,-13,2.9375,12,33,55
2021,TumamocHill,5_3,41,81,N,16.2,366.99,18,53,5.1875,21,-18,-33,2.9375,12,33,55
2022,TumamocHill,5_3,41,81,N,16.2,243.62,-3,9,1.6875,-15,10,-13,2.9375,12,33,55
2021,TumamocHill,5_3,41,82,N,16.2,366.99,22,36,5.1875,21,-18,-33,2.9375,12,33,55
2022,TumamocHill,5_3,41,82,N,16.2,243.62,13,15,1.6875,-15,10,-13,2.9375,12,33,55
2021,TumamocHill,5_3,40,83,N,8,366.99,11,14,3.5,15,0,-9.5,5.1875,30,10,23
2022,TumamocHill,5_3,40,83,N,8,243.62,1,9,8.0625,-7,0,-11.5,5.1875,30,10,23
2021,TumamocHill,5_3,42,84,N,18.8,366.99,19,27,1.0625,7,-8,13,2.8125,18,23,15
2022,TumamocHill,5_3,42,84,N,18.8,243.62,3,12,10.5625,13,20,-17,2.8125,18,23,15
2021,TumamocHill,5_3,42,85,N,18.8,366.99,0,-4,1.0625,7,-8,13,2.8125,18,23,15
2022,TumamocHill,5_3,42,85,N,18.8,243.62,0,0,10.5625,13,20,-17,2.8125,18,23,15
2021,TumamocHill,5_3,42,86,N,18.8,366.99,-6,-17,1.0625,7,-8,13,2.8125,18,23,15
2022,TumamocHill,5_3,42,86,N,18.8,243.62,15,33,10.5625,13,20,-17,2.8125,18,23,15
2021,TumamocHill,5_3,42,87,N,18.8,366.99,0,-5,1.0625,7,-8,13,2.8125,18,23,15
2022,TumamocHill,5_3,42,87,N,18.8,243.62,0,0,10.5625,13,20,-17,2.8125,18,23,15
2021,TumamocHill,5_3,42,88,N,18.8,366.99,-1,-7,1.0625,7,-8,13,2.8125,18,23,15
2022,TumamocHill,5_3,42,88,N,18.8,243.62,0,0,10.5625,13,20,-17,2.8125,18,23,15
2021,TumamocHill,5_3,42,89,N,18.8,366.99,6,22,1.0625,7,-8,13,2.8125,18,23,15
2022,TumamocHill,5_3,42,89,N,18.8,243.62,2,-6,10.5625,13,20,-17,2.8125,18,23,15
2021,TumamocHill,5_3,42,90,N,18.8,366.99,4,6,1.0625,7,-8,13,2.8125,18,23,15
2022,TumamocHill,5_3,42,90,N,18.8,243.62,-3,9,10.5625,13,20,-17,2.8125,18,23,15
2021,TumamocHill,5_3,42,91,N,18.8,366.99,-17,-23,1.0625,7,-8,13,2.8125,18,23,15
2022,TumamocHill,5_3,42,91,N,18.8,243.62,3,4,10.5625,13,20,-17,2.8125,18,23,15
2021,TumamocHill,5_3,42,92,N,18.8,366.99,5,4,1.0625,7,-8,13,2.8125,18,23,15
2022,TumamocHill,5_3,42,92,N,18.8,243.62,15,24,10.5625,13,20,-17,2.8125,18,23,15
2021,TumamocHill,5_3,42,93,N,18.8,366.99,-4,-13,1.0625,7,-8,13,2.8125,18,23,15
2022,TumamocHill,5_3,42,93,N,18.8,243.62,0,0,10.5625,13,20,-17,2.8125,18,23,15
2021,TumamocHill,5_5,96,97,N,12.8,360.42,1,10,3.875,40,-5,2.5,3.8125,50,10,1
2022,TumamocHill,5_5,96,97,N,12.8,244.44,0,-10,0.625,-40,5,-3.5,3.8125,50,10,1
2021,TumamocHill,5_5,96,98,N,12.8,360.42,-1,-1,3.875,40,-5,2.5,3.8125,50,10,1
2022,TumamocHill,5_5,96,98,N,12.8,244.44,0,0,0.625,-40,5,-3.5,3.8125,50,10,1
2021,TumamocHill,5_5,96,99,N,12.8,360.42,9,43,3.875,40,-5,2.5,3.8125,50,10,1
2022,TumamocHill,5_5,96,99,N,12.8,244.44,7,-2,0.625,-40,5,-3.5,3.8125,50,10,1
2021,TumamocHill,5_5,96,101,N,12.8,360.42,-3,15,3.875,40,-5,2.5,3.8125,50,10,1
2022,TumamocHill,5_5,96,101,N,12.8,244.44,13,1,0.625,-40,5,-3.5,3.8125,50,10,1
2021,TumamocHill,5_5,96,102,N,12.8,360.42,35,33,3.875,40,-5,2.5,3.8125,50,10,1
2022,TumamocHill,5_5,96,102,N,12.8,244.44,-8,17,0.625,-40,5,-3.5,3.8125,50,10,1
2021,TumamocHill,5_5,96,103,N,12.8,360.42,25,33,3.875,40,-5,2.5,3.8125,50,10,1
2022,TumamocHill,5_5,96,103,N,12.8,244.44,-4,-14,0.625,-40,5,-3.5,3.8125,50,10,1
2021,TumamocHill,5_5,96,104,N,12.8,360.42,30,25,3.875,40,-5,2.5,3.8125,50,10,1
2022,TumamocHill,5_5,96,104,N,12.8,244.44,-12,7,0.625,-40,5,-3.5,3.8125,50,10,1
2021,TumamocHill,5_5,96,105,N,12.8,360.42,13,30,3.875,40,-5,2.5,3.8125,50,10,1
2022,TumamocHill,5_5,96,105,N,12.8,244.44,-4,10,0.625,-40,5,-3.5,3.8125,50,10,1
2021,TumamocHill,5_5,96,106,N,12.8,360.42,-5,-4,3.875,40,-5,2.5,3.8125,50,10,1
2022,TumamocHill,5_5,96,106,N,12.8,244.44,2,-1,0.625,-40,5,-3.5,3.8125,50,10,1
2021,TumamocHill,5_5,95,107,N,9.2,360.42,2,-9,1.6875,30,-25,2.5,3.75,60,40,1
2022,TumamocHill,5_5,95,107,N,9.2,244.44,4,-4,0.3125,-23,7,-3.5,3.75,60,40,1
2021,TumamocHill,5_5,95,108,N,9.2,360.42,-3,-8,1.6875,30,-25,2.5,3.75,60,40,1
2022,TumamocHill,5_5,95,108,N,9.2,244.44,0,-2,0.3125,-23,7,-3.5,3.75,60,40,1
2021,TumamocHill,5_5,95,109,N,9.2,360.42,46,38,1.6875,30,-25,2.5,3.75,60,40,1
2022,TumamocHill,5_5,95,109,N,9.2,244.44,-40,2,0.3125,-23,7,-3.5,3.75,60,40,1
2021,TumamocHill,5_5,95,110,N,9.2,360.42,-10,-13,1.6875,30,-25,2.5,3.75,60,40,1
2022,TumamocHill,5_5,95,110,N,9.2,244.44,4,4,0.3125,-23,7,-3.5,3.75,60,40,1
2021,TumamocHill,5_5,95,111,N,9.2,360.42,23,18,1.6875,30,-25,2.5,3.75,60,40,1
2022,TumamocHill,5_5,95,111,N,9.2,244.44,-15,-3,0.3125,-23,7,-3.5,3.75,60,40,1
2021,TumamocHill,5_5,95,112,N,9.2,360.42,0,-5,1.6875,30,-25,2.5,3.75,60,40,1
2022,TumamocHill,5_5,95,112,N,9.2,244.44,0,0,0.3125,-23,7,-3.5,3.75,60,40,1
2021,TumamocHill,5_5,95,113,N,9.2,360.42,-14,22,1.6875,30,-25,2.5,3.75,60,40,1
2022,TumamocHill,5_5,95,113,N,9.2,244.44,12,14,0.3125,-23,7,-3.5,3.75,60,40,1
2021,TumamocHill,5_5,95,114,N,9.2,360.42,-4,15,1.6875,30,-25,2.5,3.75,60,40,1
2022,TumamocHill,5_5,95,114,N,9.2,244.44,15,10,0.3125,-23,7,-3.5,3.75,60,40,1
2021,TumamocHill,5_5,95,115,N,9.2,360.42,20,14,1.6875,30,-25,2.5,3.75,60,40,1
2022,TumamocHill,5_5,95,115,N,9.2,244.44,-5,2,0.3125,-23,7,-3.5,3.75,60,40,1
2021,TumamocHill,5_5,95,116,N,9.2,360.42,-8,-21,1.6875,30,-25,2.5,3.75,60,40,1
2022,TumamocHill,5_5,95,116,N,9.2,244.44,32,75,0.3125,-23,7,-3.5,3.75,60,40,1
2021,TumamocHill,5_5,96,117,N,12.8,360.42,4,-3,3.875,40,-5,2.5,3.8125,50,10,1
2021,TumamocHill,5_5,94,118,N,6.6,360.42,15,31,0.3125,45,-10,2.5,2.9375,45,10,1
2022,TumamocHill,5_5,94,118,N,6.6,244.44,-1,-6,0.1875,-24,0.5,-3.5,2.9375,45,10,1
2021,TumamocHill,5_5,94,119,N,6.6,360.42,-6,-10,0.3125,45,-10,2.5,2.9375,45,10,1
2022,TumamocHill,5_5,94,119,N,6.6,244.44,-6,-1,0.1875,-24,0.5,-3.5,2.9375,45,10,1
2021,TumamocHill,5_5,94,120,N,6.6,360.42,38,43,0.3125,45,-10,2.5,2.9375,45,10,1
2022,TumamocHill,5_5,94,120,N,6.6,244.44,-41,-13,0.1875,-24,0.5,-3.5,2.9375,45,10,1
2021,TumamocHill,5_5,94,121,N,6.6,360.42,5,21,0.3125,45,-10,2.5,2.9375,45,10,1
2022,TumamocHill,5_5,94,121,N,6.6,244.44,11,10,0.1875,-24,0.5,-3.5,2.9375,45,10,1
2021,TumamocHill,5_5,94,122,N,6.6,360.42,7,1,0.3125,45,-10,2.5,2.9375,45,10,1
2022,TumamocHill,5_5,94,122,N,6.6,244.44,-13,-6,0.1875,-24,0.5,-3.5,2.9375,45,10,1
2021,TumamocHill,5_5,94,123,N,6.6,360.42,-19,-17,0.3125,45,-10,2.5,2.9375,45,10,1
2022,TumamocHill,5_5,94,123,N,6.6,244.44,-3,16,0.1875,-24,0.5,-3.5,2.9375,45,10,1
2021,TumamocHill,5_5,94,124,N,6.6,360.42,-1,-5,0.3125,45,-10,2.5,2.9375,45,10,1
2021,TumamocHill,5_5,94,125,N,6.6,360.42,-20,-21,0.3125,45,-10,2.5,2.9375,45,10,1
2022,TumamocHill,5_5,94,125,N,6.6,244.44,44,103,0.1875,-24,0.5,-3.5,2.9375,45,10,1
2021,TumamocHill,5_5,94,126,N,6.6,360.42,-6,8,0.3125,45,-10,2.5,2.9375,45,10,1
2022,TumamocHill,5_5,94,126,N,6.6,244.44,4,7,0.1875,-24,0.5,-3.5,2.9375,45,10,1
2021,TumamocHill,5_5,94,127,N,6.6,360.42,30,34,0.3125,45,-10,2.5,2.9375,45,10,1
2022,TumamocHill,5_5,94,127,N,6.6,244.44,-1,26,0.1875,-24,0.5,-3.5,2.9375,45,10,1
2021,TumamocHill,5_6,218,128,W,17,360.76,10,16,19.6875,30,0,10,4.75,30,0,3
2022,TumamocHill,5_6,218,128,W,17,244.38,-10,45,-15.125,-37,0,-12.5,4.75,30,0,3
2021,TumamocHill,5_6,218,129,W,17,360.76,-6,-3,19.6875,30,0,10,4.75,30,0,3
2022,TumamocHill,5_6,218,129,W,17,244.38,0,-6,-15.125,-37,0,-12.5,4.75,30,0,3
2021,TumamocHill,5_6,218,130,W,17,360.76,-1,4,19.6875,30,0,10,4.75,30,0,3
2022,TumamocHill,5_6,218,130,W,17,244.38,0,-5,-15.125,-37,0,-12.5,4.75,30,0,3
2021,TumamocHill,5_6,218,131,W,17,360.76,-7,-6,19.6875,30,0,10,4.75,30,0,3
2022,TumamocHill,5_6,218,131,W,17,244.38,0,-9,-15.125,-37,0,-12.5,4.75,30,0,3
2021,TumamocHill,5_6,218,132,W,17,360.76,-6,-3,19.6875,30,0,10,4.75,30,0,3
2022,TumamocHill,5_6,218,132,W,17,244.38,0,-5,-15.125,-37,0,-12.5,4.75,30,0,3
2021,TumamocHill,5_6,218,133,W,17,360.76,-3,1,19.6875,30,0,10,4.75,30,0,3
2022,TumamocHill,5_6,218,133,W,17,244.38,0,-6,-15.125,-37,0,-12.5,4.75,30,0,3
2021,TumamocHill,5_6,218,134,W,17,360.76,-18,-20,19.6875,30,0,10,4.75,30,0,3
2022,TumamocHill,5_6,218,134,W,17,244.38,-9,13,-15.125,-37,0,-12.5,4.75,30,0,3
2021,TumamocHill,5_6,218,135,W,17,360.76,-13,-10,19.6875,30,0,10,4.75,30,0,3
2022,TumamocHill,5_6,218,135,W,17,244.38,0,-4,-15.125,-37,0,-12.5,4.75,30,0,3
2021,TumamocHill,5_6,218,136,W,17,360.76,-16,-17,19.6875,30,0,10,4.75,30,0,3
2022,TumamocHill,5_6,218,136,W,17,244.38,0,0,-15.125,-37,0,-12.5,4.75,30,0,3
2021,TumamocHill,5_6,218,137,W,17,360.76,-3,-2,19.6875,30,0,10,4.75,30,0,3
2022,TumamocHill,5_6,218,137,W,17,244.38,0,-1,-15.125,-37,0,-12.5,4.75,30,0,3
2021,TumamocHill,5_6,219,138,W,16.4,360.76,-13,-11,11.125,35,0,8.5,5.375,40,10,3.5
2022,TumamocHill,5_6,219,138,W,16.4,244.38,0,-5,-9.75,-50,-3,-11,5.375,40,10,3.5
2021,TumamocHill,5_6,219,139,W,16.4,360.76,-10,-16,11.125,35,0,8.5,5.375,40,10,3.5
2022,TumamocHill,5_6,219,139,W,16.4,244.38,0,0,-9.75,-50,-3,-11,5.375,40,10,3.5
2021,TumamocHill,5_6,219,140,W,16.4,360.76,-5,-6,11.125,35,0,8.5,5.375,40,10,3.5
2022,TumamocHill,5_6,219,140,W,16.4,244.38,0,0,-9.75,-50,-3,-11,5.375,40,10,3.5
2021,TumamocHill,5_6,219,141,W,16.4,360.76,-5,-8,11.125,35,0,8.5,5.375,40,10,3.5
2022,TumamocHill,5_6,219,141,W,16.4,244.38,0,0,-9.75,-50,-3,-11,5.375,40,10,3.5
2021,TumamocHill,5_6,219,142,W,16.4,360.76,-1,0,11.125,35,0,8.5,5.375,40,10,3.5
2022,TumamocHill,5_6,219,142,W,16.4,244.38,0,-2,-9.75,-50,-3,-11,5.375,40,10,3.5
2021,TumamocHill,5_6,219,143,W,16.4,360.76,-2,6,11.125,35,0,8.5,5.375,40,10,3.5
2022,TumamocHill,5_6,219,143,W,16.4,244.38,0,-9,-9.75,-50,-3,-11,5.375,40,10,3.5
2021,TumamocHill,5_6,219,144,W,16.4,360.76,-6,-10,11.125,35,0,8.5,5.375,40,10,3.5
2022,TumamocHill,5_6,219,144,W,16.4,244.38,0,0,-9.75,-50,-3,-11,5.375,40,10,3.5
2021,TumamocHill,5_6,219,145,W,16.4,360.76,-11,0,11.125,35,0,8.5,5.375,40,10,3.5
2022,TumamocHill,5_6,219,145,W,16.4,244.38,-2,-7,-9.75,-50,-3,-11,5.375,40,10,3.5
2021,TumamocHill,5_6,219,146,W,16.4,360.76,-29,-26,11.125,35,0,8.5,5.375,40,10,3.5
2022,TumamocHill,5_6,219,146,W,16.4,244.38,0,4,-9.75,-50,-3,-11,5.375,40,10,3.5
2021,TumamocHill,5_6,219,147,W,16.4,360.76,-11,-12,11.125,35,0,8.5,5.375,40,10,3.5
2022,TumamocHill,5_6,219,147,W,16.4,244.38,0,-2,-9.75,-50,-3,-11,5.375,40,10,3.5
2021,TumamocHill,5_6,220,148,W,17.2,360.76,-29,-34,6.375,0,-15,-1,9.125,50,30,4
2022,TumamocHill,5_6,220,148,W,17.2,244.38,0,0,-7,-30,-5,-2.5,9.125,50,30,4
2021,TumamocHill,5_6,220,149,W,17.2,360.76,-5,-8,6.375,0,-15,-1,9.125,50,30,4
2022,TumamocHill,5_6,220,149,W,17.2,244.38,0,0,-7,-30,-5,-2.5,9.125,50,30,4
2021,TumamocHill,5_6,220,150,W,17.2,360.76,-5,-4,6.375,0,-15,-1,9.125,50,30,4
2022,TumamocHill,5_6,220,150,W,17.2,244.38,0,-3,-7,-30,-5,-2.5,9.125,50,30,4
2021,TumamocHill,5_6,220,151,W,17.2,360.76,-23,-26,6.375,0,-15,-1,9.125,50,30,4
2022,TumamocHill,5_6,220,151,W,17.2,244.38,0,-5,-7,-30,-5,-2.5,9.125,50,30,4
2021,TumamocHill,5_6,220,152,W,17.2,360.76,-7,-5,6.375,0,-15,-1,9.125,50,30,4
2022,TumamocHill,5_6,220,152,W,17.2,244.38,0,-4,-7,-30,-5,-2.5,9.125,50,30,4
2021,TumamocHill,5_6,220,153,W,17.2,360.76,-9,-10,6.375,0,-15,-1,9.125,50,30,4
2022,TumamocHill,5_6,220,153,W,17.2,244.38,0,-3,-7,-30,-5,-2.5,9.125,50,30,4
2021,TumamocHill,5_6,220,154,W,17.2,360.76,-5,-7,6.375,0,-15,-1,9.125,50,30,4
2022,TumamocHill,5_6,220,154,W,17.2,244.38,0,0,-7,-30,-5,-2.5,9.125,50,30,4
2021,TumamocHill,5_6,220,155,W,17.2,360.76,-23,-25,6.375,0,-15,-1,9.125,50,30,4
2022,TumamocHill,5_6,220,155,W,17.2,244.38,0,0,-7,-30,-5,-2.5,9.125,50,30,4
2021,TumamocHill,5_6,220,156,W,17.2,360.76,-4,-6,6.375,0,-15,-1,9.125,50,30,4
2022,TumamocHill,5_6,220,156,W,17.2,244.38,0,0,-7,-30,-5,-2.5,9.125,50,30,4
2021,TumamocHill,5_6,220,157,W,17.2,360.76,-2,1,6.375,0,-15,-1,9.125,50,30,4
2022,TumamocHill,5_6,220,157,W,17.2,244.38,0,-3,-7,-30,-5,-2.5,9.125,50,30,4
2021,TumamocHill,5_4,221,158,W,15.6,375.12,8,12,3.6875,10,0,0.5,3.1875,70,0,1
2022,TumamocHill,5_4,221,158,W,15.6,244.42,-11,1,-3,-15,0,-1.5,3.1875,70,0,1
2021,TumamocHill,5_4,221,159,W,15.6,375.12,0,8,3.6875,10,0,0.5,3.1875,70,0,1
2022,TumamocHill,5_4,221,159,W,15.6,244.42,-2,11,-3,-15,0,-1.5,3.1875,70,0,1
2021,TumamocHill,5_4,221,160,W,15.6,375.12,43,58,3.6875,10,0,0.5,3.1875,70,0,1
2022,TumamocHill,5_4,221,160,W,15.6,244.42,-27,-4,-3,-15,0,-1.5,3.1875,70,0,1
2021,TumamocHill,5_4,221,161,W,15.6,375.12,-2,-7,3.6875,10,0,0.5,3.1875,70,0,1
2022,TumamocHill,5_4,221,161,W,15.6,244.42,0,-1,-3,-15,0,-1.5,3.1875,70,0,1
2021,TumamocHill,5_4,221,162,W,15.6,375.12,-32,-36,3.6875,10,0,0.5,3.1875,70,0,1
2022,TumamocHill,5_4,221,162,W,15.6,244.42,-3,0,-3,-15,0,-1.5,3.1875,70,0,1
2021,TumamocHill,5_4,221,163,W,15.6,375.12,35,58,3.6875,10,0,0.5,3.1875,70,0,1
2022,TumamocHill,5_4,221,163,W,15.6,244.42,-30,-2,-3,-15,0,-1.5,3.1875,70,0,1
2021,TumamocHill,5_4,221,164,W,15.6,375.12,14,20,3.6875,10,0,0.5,3.1875,70,0,1
2022,TumamocHill,5_4,221,164,W,15.6,244.42,-1,3,-3,-15,0,-1.5,3.1875,70,0,1
2021,TumamocHill,5_4,222,165,W,22.2,375.12,35,55,0.25,-20,16,5,NA,NA,NA,NA
2022,TumamocHill,5_4,221,165,W,15.6,244.42,-17,21,0.4375,15,-16,-6,3.1875,70,0,1
2021,TumamocHill,5_4,221,166,W,15.6,375.12,-19,-18,3.6875,10,0,0.5,3.1875,70,0,1
2022,TumamocHill,5_4,221,166,W,15.6,244.42,0,2,-3,-15,0,-1.5,3.1875,70,0,1
2021,TumamocHill,5_4,221,167,W,15.6,375.12,-3,-5,3.6875,10,0,0.5,3.1875,70,0,1
2022,TumamocHill,5_4,221,167,W,15.6,244.42,8,19,-3,-15,0,-1.5,3.1875,70,0,1
2021,TumamocHill,5_4,222,168,W,22.2,375.12,2,5,0.875,5,-9,5,2.5625,45,25,1
2022,TumamocHill,5_4,222,168,W,22.2,244.42,-2,3,-0.4375,-20,2,-6,2.5625,45,25,1
2021,TumamocHill,5_4,221,169,W,15.6,375.12,22,27,4.3125,35,-25,0.5,NA,NA,NA,NA
2022,TumamocHill,5_4,222,169,W,22.2,244.42,-19,-25,-3.875,-50,18,-1.5,2.5625,45,25,1
2021,TumamocHill,5_4,222,170,W,22.2,375.12,59,63,0.875,5,-9,5,2.5625,45,25,1
2022,TumamocHill,5_4,222,170,W,22.2,244.42,-8,27,-0.4375,-20,2,-6,2.5625,45,25,1
2021,TumamocHill,5_4,222,171,W,22.2,375.12,41,59,0.875,5,-9,5,2.5625,45,25,1
2022,TumamocHill,5_4,222,171,W,22.2,244.42,-31,-23,-0.4375,-20,2,-6,2.5625,45,25,1
2021,TumamocHill,5_4,222,172,W,22.2,375.12,35,38,0.875,5,-9,5,2.5625,45,25,1
2022,TumamocHill,5_4,222,172,W,22.2,244.42,-26,-9,-0.4375,-20,2,-6,2.5625,45,25,1
2021,TumamocHill,5_4,222,174,W,22.2,375.12,41,51,0.875,5,-9,5,2.5625,45,25,1
2022,TumamocHill,5_4,222,174,W,22.2,244.42,-15,0,-0.4375,-20,2,-6,2.5625,45,25,1
2021,TumamocHill,5_4,222,175,W,22.2,375.12,1,3,0.875,5,-9,5,2.5625,45,25,1
2022,TumamocHill,5_4,222,175,W,22.2,244.42,1,1,-0.4375,-20,2,-6,2.5625,45,25,1
2021,TumamocHill,5_4,222,176,W,22.2,375.12,25,56,0.875,5,-9,5,2.5625,45,25,1
2022,TumamocHill,5_4,222,176,W,22.2,244.42,-45,-36,-0.4375,-20,2,-6,2.5625,45,25,1
2021,TumamocHill,5_4,222,177,W,22.2,375.12,13,28,0.875,5,-9,5,2.5625,45,25,1
2022,TumamocHill,5_4,222,177,W,22.2,244.42,-17,-16,-0.4375,-20,2,-6,2.5625,45,25,1
2021,TumamocHill,5_4,223,178,W,19.4,375.12,22,18,1.3125,30,-8,2,3.4375,60,20,1
2022,TumamocHill,5_4,223,178,W,19.4,244.42,-22,-18,-1.25,-35,-2,-3,3.4375,60,20,1
2021,TumamocHill,5_4,223,179,W,19.4,375.12,38,23,1.3125,30,-8,2,3.4375,60,20,1
2022,TumamocHill,5_4,223,179,W,19.4,244.42,-40,-36,-1.25,-35,-2,-3,3.4375,60,20,1
2021,TumamocHill,5_4,223,180,W,19.4,375.12,17,17,1.3125,30,-8,2,3.4375,60,20,1
2022,TumamocHill,5_4,223,180,W,19.4,244.42,-27,-28,-1.25,-35,-2,-3,3.4375,60,20,1
2021,TumamocHill,5_4,223,181,W,19.4,375.12,9,3,1.3125,30,-8,2,3.4375,60,20,1
2022,TumamocHill,5_4,223,181,W,19.4,244.42,-31,-17,-1.25,-35,-2,-3,3.4375,60,20,1
2021,TumamocHill,5_4,223,182,W,19.4,375.12,10,4,1.3125,30,-8,2,3.4375,60,20,1
2022,TumamocHill,5_4,223,182,W,19.4,244.42,-15,-4,-1.25,-35,-2,-3,3.4375,60,20,1
2021,TumamocHill,5_4,223,183,W,19.4,375.12,1,4,1.3125,30,-8,2,3.4375,60,20,1
2022,TumamocHill,5_4,223,183,W,19.4,244.42,-2,-5,-1.25,-35,-2,-3,3.4375,60,20,1
2021,TumamocHill,5_4,223,184,W,19.4,375.12,27,39,1.3125,30,-8,2,3.4375,60,20,1
2022,TumamocHill,5_4,223,184,W,19.4,244.42,3,11,-1.25,-35,-2,-3,3.4375,60,20,1
2021,TumamocHill,5_4,223,185,W,19.4,375.12,29,30,1.3125,30,-8,2,3.4375,60,20,1
2022,TumamocHill,5_4,223,185,W,19.4,244.42,-25,-24,-1.25,-35,-2,-3,3.4375,60,20,1
2021,TumamocHill,5_4,223,186,W,19.4,375.12,59,78,1.3125,30,-8,2,3.4375,60,20,1
2022,TumamocHill,5_4,223,186,W,19.4,244.42,-17,-6,-1.25,-35,-2,-3,3.4375,60,20,1
2021,TumamocHill,5_4,223,187,W,19.4,375.12,26,45,1.3125,30,-8,2,3.4375,60,20,1
2022,TumamocHill,5_4,223,187,W,19.4,244.42,-24,-9,-1.25,-35,-2,-3,3.4375,60,20,1
2021,TumamocHill,4_3,257,188,S,31.6,373.68,-8,-10,7.9375,25,-6,9,3.4375,25,15,1
2021,TumamocHill,4_3,257,189,S,31.6,373.68,-11,-15,7.9375,25,-6,9,3.4375,25,15,1
2021,TumamocHill,4_3,257,193,S,31.6,373.68,-22,-26,7.9375,25,-6,9,3.4375,25,15,1
2021,TumamocHill,4_3,257,194,S,31.6,373.68,-21,-21,7.9375,25,-6,9,3.4375,25,15,1
2021,TumamocHill,4_3,257,195,S,31.6,373.68,-17,-35,7.9375,25,-6,9,3.4375,25,15,1
2021,TumamocHill,4_3,257,196,S,31.6,373.68,-12,-18,7.9375,25,-6,9,3.4375,25,15,1
2021,TumamocHill,4_3,257,197,S,31.6,373.68,-10,-20,7.9375,25,-6,9,3.4375,25,15,1
2021,TumamocHill,4_3,258,198,S,25,373.68,-15,-17,7.625,10,-2,5.5,2.5,25,25,0.5
2021,TumamocHill,4_3,258,199,S,25,373.68,-37,-41,7.625,10,-2,5.5,2.5,25,25,0.5
2021,TumamocHill,4_3,258,200,S,25,373.68,-5,-6,7.625,10,-2,5.5,2.5,25,25,0.5
2021,TumamocHill,4_3,258,201,S,25,373.68,-38,-49,7.625,10,-2,5.5,2.5,25,25,0.5
2021,TumamocHill,4_3,258,202,S,25,373.68,-7,2,7.625,10,-2,5.5,2.5,25,25,0.5
2021,TumamocHill,4_3,258,203,S,25,373.68,-19,-22,7.625,10,-2,5.5,2.5,25,25,0.5
2021,TumamocHill,4_3,258,204,S,25,373.68,-53,-69,7.625,10,-2,5.5,2.5,25,25,0.5
2021,TumamocHill,4_3,258,205,S,25,373.68,-1,16,7.625,10,-2,5.5,2.5,25,25,0.5
2021,TumamocHill,4_3,258,206,S,25,373.68,-18,-20,7.625,10,-2,5.5,2.5,25,25,0.5
2021,TumamocHill,4_3,258,207,S,25,373.68,-1,7,7.625,10,-2,5.5,2.5,25,25,0.5
2021,TumamocHill,4_3,259,208,S,24,373.68,-3,4,6.625,11,0,1,4,25,25,0
2021,TumamocHill,4_3,259,209,S,24,373.68,-3,-5,6.625,11,0,1,4,25,25,0
2021,TumamocHill,4_3,259,210,S,24,373.68,-10,-13,6.625,11,0,1,4,25,25,0
2021,TumamocHill,4_3,259,211,S,24,373.68,-37,-56,6.625,11,0,1,4,25,25,0
2021,TumamocHill,4_3,259,212,S,24,373.68,-4,2,6.625,11,0,1,4,25,25,0
2021,TumamocHill,4_3,259,213,S,24,373.68,-1,5,6.625,11,0,1,4,25,25,0
2021,TumamocHill,4_3,259,214,S,24,373.68,-42,-39,6.625,11,0,1,4,25,25,0
2021,TumamocHill,4_3,259,215,S,24,373.68,-7,-10,6.625,11,0,1,4,25,25,0
2021,TumamocHill,4_3,259,216,S,24,373.68,-46,-54,6.625,11,0,1,4,25,25,0
2021,TumamocHill,4_3,259,217,S,24,373.68,-32,-22,6.625,11,0,1,4,25,25,0
2021,TumamocHill,3_3,254,224,E,13.4,359.52,-11,-12,26.6875,25,5,13,2.5625,25,10,2
2021,TumamocHill,3_3,254,225,E,13.4,359.52,-13,-28,26.6875,25,5,13,2.5625,25,10,2
2021,TumamocHill,3_3,254,226,E,13.4,359.52,-26,-43,26.6875,25,5,13,2.5625,25,10,2
2021,TumamocHill,3_3,254,227,E,13.4,359.52,-5,-11,26.6875,25,5,13,2.5625,25,10,2
2021,TumamocHill,3_3,254,228,E,13.4,359.52,-11,-17,26.6875,25,5,13,2.5625,25,10,2
2021,TumamocHill,3_3,254,229,E,13.4,359.52,-3,-16,26.6875,25,5,13,2.5625,25,10,2
2021,TumamocHill,3_3,254,230,E,13.4,359.52,-22,-36,26.6875,25,5,13,2.5625,25,10,2
2021,TumamocHill,3_3,254,231,E,13.4,359.52,-3,-10,26.6875,25,5,13,2.5625,25,10,2
2021,TumamocHill,3_3,254,232,E,13.4,359.52,-25,-51,26.6875,25,5,13,2.5625,25,10,2
2021,TumamocHill,3_3,254,233,E,13.4,359.52,-21,-43,26.6875,25,5,13,2.5625,25,10,2
2021,TumamocHill,3_3,255,234,E,11.8,359.52,-8,-20,26.375,20,5,25,4.375,30,5,1
2021,TumamocHill,3_3,255,235,E,11.8,359.52,-10,-17,26.375,20,5,25,4.375,30,5,1
2021,TumamocHill,3_3,255,236,E,11.8,359.52,-4,-7,26.375,20,5,25,4.375,30,5,1
2021,TumamocHill,3_3,255,237,E,11.8,359.52,-15,-25,26.375,20,5,25,4.375,30,5,1
2021,TumamocHill,3_3,255,238,E,11.8,359.52,-2,-6,26.375,20,5,25,4.375,30,5,1
2021,TumamocHill,3_3,255,239,E,11.8,359.52,-10,-19,26.375,20,5,25,4.375,30,5,1
2021,TumamocHill,3_3,255,240,E,11.8,359.52,-2,-7,26.375,20,5,25,4.375,30,5,1
2021,TumamocHill,3_3,255,241,E,11.8,359.52,-8,-12,26.375,20,5,25,4.375,30,5,1
2021,TumamocHill,3_3,255,242,E,11.8,359.52,-10,-13,26.375,20,5,25,4.375,30,5,1
2021,TumamocHill,3_3,255,243,E,11.8,359.52,-43,-58,26.375,20,5,25,4.375,30,5,1
2021,TumamocHill,3_3,256,244,E,12.8,359.52,-29,-37,32.0625,35,-2,27.5,3.9375,30,15,0.5
2021,TumamocHill,3_3,256,245,E,12.8,359.52,-13,-23,32.0625,35,-2,27.5,3.9375,30,15,0.5
2021,TumamocHill,3_3,256,246,E,12.8,359.52,-1,-4,32.0625,35,-2,27.5,3.9375,30,15,0.5
2021,TumamocHill,3_3,256,247,E,12.8,359.52,-12,-18,32.0625,35,-2,27.5,3.9375,30,15,0.5
2021,TumamocHill,3_3,256,248,E,12.8,359.52,-20,-39,32.0625,35,-2,27.5,3.9375,30,15,0.5
2021,TumamocHill,3_3,256,249,E,12.8,359.52,-7,-11,32.0625,35,-2,27.5,3.9375,30,15,0.5
2021,TumamocHill,3_3,256,250,E,12.8,359.52,-12,-6,32.0625,35,-2,27.5,3.9375,30,15,0.5
2021,TumamocHill,3_3,256,251,E,12.8,359.52,-6,-28,32.0625,35,-2,27.5,3.9375,30,15,0.5
2021,TumamocHill,3_3,256,252,E,12.8,359.52,-2,-6,32.0625,35,-2,27.5,3.9375,30,15,0.5
2021,TumamocHill,3_3,256,253,E,12.8,359.52,-5,-3,32.0625,35,-2,27.5,3.9375,30,15,0.5
2021,TumamocHill,4_1,263,266,S,11.8,373.85,-87,-38,7.8125,-40,-3,0,3.0625,80,3,1
2022,TumamocHill,4_1,263,266,S,11.8,263.58,48,34,-3.6875,15,5,-1,3.0625,80,3,1
2021,TumamocHill,4_1,263,267,S,11.8,373.85,-29,1,7.8125,-40,-3,0,3.0625,80,3,1
2022,TumamocHill,4_1,263,267,S,11.8,263.58,20,0,-3.6875,15,5,-1,3.0625,80,3,1
2021,TumamocHill,4_1,263,268,S,11.8,373.85,-12,-11,7.8125,-40,-3,0,3.0625,80,3,1
2022,TumamocHill,4_1,263,268,S,11.8,263.58,1,1,-3.6875,15,5,-1,3.0625,80,3,1
2021,TumamocHill,4_1,263,269,S,11.8,373.85,-25,-30,7.8125,-40,-3,0,3.0625,80,3,1
2022,TumamocHill,4_1,263,269,S,11.8,263.58,0,-1,-3.6875,15,5,-1,3.0625,80,3,1
2021,TumamocHill,4_1,263,270,S,11.8,373.85,-29,23,7.8125,-40,-3,0,3.0625,80,3,1
2022,TumamocHill,4_1,263,270,S,11.8,263.58,37,8,-3.6875,15,5,-1,3.0625,80,3,1
2021,TumamocHill,4_1,263,271,S,11.8,373.85,-21,3,7.8125,-40,-3,0,3.0625,80,3,1
2022,TumamocHill,4_1,263,271,S,11.8,263.58,-4,-24,-3.6875,15,5,-1,3.0625,80,3,1
2021,TumamocHill,4_1,263,272,S,11.8,373.85,-31,8,7.8125,-40,-3,0,3.0625,80,3,1
2022,TumamocHill,4_1,263,272,S,11.8,263.58,20,26,-3.6875,15,5,-1,3.0625,80,3,1
2021,TumamocHill,4_1,263,273,S,11.8,373.85,-10,-14,7.8125,-40,-3,0,3.0625,80,3,1
2022,TumamocHill,4_1,263,273,S,11.8,263.58,0,0,-3.6875,15,5,-1,3.0625,80,3,1
2021,TumamocHill,4_1,263,274,S,11.8,373.85,-25,6,7.8125,-40,-3,0,3.0625,80,3,1
2022,TumamocHill,4_1,263,274,S,11.8,263.58,23,13,-3.6875,15,5,-1,3.0625,80,3,1
2021,TumamocHill,4_1,263,275,S,11.8,373.85,-20,-9,7.8125,-40,-3,0,3.0625,80,3,1
2022,TumamocHill,4_1,263,275,S,11.8,263.58,19,33,-3.6875,15,5,-1,3.0625,80,3,1
2021,TumamocHill,4_1,264,276,S,13.8,373.85,-19,-29,11.9375,8,5,1,2,12,10,1.5
2022,TumamocHill,4_1,264,276,S,13.8,263.58,0,0,-8.0625,-8,4,1,2,12,10,1.5
2021,TumamocHill,4_1,264,277,S,13.8,373.85,-17,-27,11.9375,8,5,1,2,12,10,1.5
2022,TumamocHill,4_1,264,277,S,13.8,263.58,3,-1,-8.0625,-8,4,1,2,12,10,1.5
2021,TumamocHill,4_1,264,278,S,13.8,373.85,19,38,11.9375,8,5,1,2,12,10,1.5
2022,TumamocHill,4_1,264,278,S,13.8,263.58,23,38,-8.0625,-8,4,1,2,12,10,1.5
2021,TumamocHill,4_1,264,279,S,13.8,373.85,-1,-6,11.9375,8,5,1,2,12,10,1.5
2022,TumamocHill,4_1,264,279,S,13.8,263.58,-6,1,-8.0625,-8,4,1,2,12,10,1.5
2021,TumamocHill,4_1,264,280,S,13.8,373.85,-43,-69,11.9375,8,5,1,2,12,10,1.5
2022,TumamocHill,4_1,264,280,S,13.8,263.58,2,13,-8.0625,-8,4,1,2,12,10,1.5
2021,TumamocHill,4_1,264,281,S,13.8,373.85,-13,-13,11.9375,8,5,1,2,12,10,1.5
2022,TumamocHill,4_1,264,281,S,13.8,263.58,0,-10,-8.0625,-8,4,1,2,12,10,1.5
2021,TumamocHill,4_1,264,282,S,13.8,373.85,-2,-11,11.9375,8,5,1,2,12,10,1.5
2022,TumamocHill,4_1,264,282,S,13.8,263.58,0,-1,-8.0625,-8,4,1,2,12,10,1.5
2021,TumamocHill,4_1,264,283,S,13.8,373.85,-1,-5,11.9375,8,5,1,2,12,10,1.5
2022,TumamocHill,4_1,264,283,S,13.8,263.58,0,0,-8.0625,-8,4,1,2,12,10,1.5
2021,TumamocHill,4_1,264,284,S,13.8,373.85,-16,-1,11.9375,8,5,1,2,12,10,1.5
2022,TumamocHill,4_1,264,284,S,13.8,263.58,0,-16,-8.0625,-8,4,1,2,12,10,1.5
2021,TumamocHill,4_1,264,285,S,13.8,373.85,-9,-16,11.9375,8,5,1,2,12,10,1.5
2022,TumamocHill,4_1,264,285,S,13.8,263.58,0,0,-8.0625,-8,4,1,2,12,10,1.5
2021,TumamocHill,4_1,265,286,S,11.4,373.85,-12,-17,27.1875,-5,-3,1,3.9375,30,18,1
2022,TumamocHill,4_1,265,286,S,11.4,263.58,0,0,-23.4375,-10,0,2,3.9375,30,18,1
2021,TumamocHill,4_1,265,287,S,11.4,373.85,-11,-11,27.1875,-5,-3,1,3.9375,30,18,1
2022,TumamocHill,4_1,265,287,S,11.4,263.58,0,-3,-23.4375,-10,0,2,3.9375,30,18,1
2021,TumamocHill,4_1,265,288,S,11.4,373.85,-3,4,27.1875,-5,-3,1,3.9375,30,18,1
2022,TumamocHill,4_1,265,288,S,11.4,263.58,0,-9,-23.4375,-10,0,2,3.9375,30,18,1
2021,TumamocHill,4_1,265,289,S,11.4,373.85,-15,-19,27.1875,-5,-3,1,3.9375,30,18,1
2022,TumamocHill,4_1,265,289,S,11.4,263.58,0,-5,-23.4375,-10,0,2,3.9375,30,18,1
2021,TumamocHill,4_1,265,290,S,11.4,373.85,-6,-4,27.1875,-5,-3,1,3.9375,30,18,1
2022,TumamocHill,4_1,265,290,S,11.4,263.58,0,-4,-23.4375,-10,0,2,3.9375,30,18,1
2021,TumamocHill,4_1,265,291,S,11.4,373.85,-11,-10,27.1875,-5,-3,1,3.9375,30,18,1
2022,TumamocHill,4_1,265,291,S,11.4,263.58,4,10,-23.4375,-10,0,2,3.9375,30,18,1
2021,TumamocHill,4_1,265,292,S,11.4,373.85,-7,4,27.1875,-5,-3,1,3.9375,30,18,1
2022,TumamocHill,4_1,265,292,S,11.4,263.58,-8,9,-23.4375,-10,0,2,3.9375,30,18,1
2021,TumamocHill,4_1,265,293,S,11.4,373.85,-11,-9,27.1875,-5,-3,1,3.9375,30,18,1
2022,TumamocHill,4_1,265,293,S,11.4,263.58,13,33,-23.4375,-10,0,2,3.9375,30,18,1
2021,TumamocHill,4_1,265,294,S,11.4,373.85,0,10,27.1875,-5,-3,1,3.9375,30,18,1
2022,TumamocHill,4_1,265,294,S,11.4,263.58,25,38,-23.4375,-10,0,2,3.9375,30,18,1
2021,TumamocHill,4_1,265,295,S,11.4,373.85,-11,-11,27.1875,-5,-3,1,3.9375,30,18,1
2022,TumamocHill,4_1,265,295,S,11.4,263.58,0,-10,-23.4375,-10,0,2,3.9375,30,18,1
2021,TumamocHill,4_2,296,301,S,8,373.91,7,8,-2,-5,-12,-12,6.4375,65,30,18
2022,TumamocHill,4_2,296,301,S,8,263.63,-3,15,0.6875,-8,-1,-4,6.4375,65,30,18
2021,TumamocHill,4_2,296,302,S,8,373.91,1,-3,-2,-5,-12,-12,6.4375,65,30,18
2022,TumamocHill,4_2,296,302,S,8,263.63,3,4,0.6875,-8,-1,-4,6.4375,65,30,18
2021,TumamocHill,4_2,296,303,S,8,373.91,-17,4,-2,-5,-12,-12,6.4375,65,30,18
2022,TumamocHill,4_2,296,303,S,8,263.63,12,16,0.6875,-8,-1,-4,6.4375,65,30,18
2021,TumamocHill,4_2,296,304,S,8,373.91,-1,6,-2,-5,-12,-12,6.4375,65,30,18
2022,TumamocHill,4_2,296,304,S,8,263.63,0,-3,0.6875,-8,-1,-4,6.4375,65,30,18
2021,TumamocHill,4_2,296,305,S,8,373.91,-2,-3,-2,-5,-12,-12,6.4375,65,30,18
2022,TumamocHill,4_2,296,305,S,8,263.63,2,7,0.6875,-8,-1,-4,6.4375,65,30,18
2021,TumamocHill,4_2,296,306,S,8,373.91,-21,17,-2,-5,-12,-12,6.4375,65,30,18
2022,TumamocHill,4_2,296,306,S,8,263.63,-11,-12,0.6875,-8,-1,-4,6.4375,65,30,18
2021,TumamocHill,4_2,296,307,S,8,373.91,-4,3,-2,-5,-12,-12,6.4375,65,30,18
2022,TumamocHill,4_2,296,307,S,8,263.63,3,15,0.6875,-8,-1,-4,6.4375,65,30,18
2021,TumamocHill,4_2,296,308,S,8,373.91,-23,15,-2,-5,-12,-12,6.4375,65,30,18
2022,TumamocHill,4_2,296,308,S,8,263.63,3,7,0.6875,-8,-1,-4,6.4375,65,30,18
2021,TumamocHill,4_2,296,309,S,8,373.91,-10,26,-2,-5,-12,-12,6.4375,65,30,18
2022,TumamocHill,4_2,296,309,S,8,263.63,6,-10,0.6875,-8,-1,-4,6.4375,65,30,18
2021,TumamocHill,4_2,296,310,S,8,373.91,-5,-13,-2,-5,-12,-12,6.4375,65,30,18
2022,TumamocHill,4_2,296,310,S,8,263.63,0,0,0.6875,-8,-1,-4,6.4375,65,30,18
2021,TumamocHill,4_2,297,311,S,9.2,373.91,14,17,0.75,-15,0,8.5,6.375,90,8,2
2022,TumamocHill,4_2,297,311,S,9.2,263.63,-16,13,0.5625,-20,-1,-10,6.375,90,8,2
2021,TumamocHill,4_2,297,312,S,9.2,373.91,-15,-40,0.75,-15,0,8.5,6.375,90,8,2
2022,TumamocHill,4_2,297,312,S,9.2,263.63,2,8,0.5625,-20,-1,-10,6.375,90,8,2
2021,TumamocHill,4_2,297,313,S,9.2,373.91,2,4,0.75,-15,0,8.5,6.375,90,8,2
2022,TumamocHill,4_2,297,313,S,9.2,263.63,-2,1,0.5625,-20,-1,-10,6.375,90,8,2
2021,TumamocHill,4_2,297,314,S,9.2,373.91,-27,-62,0.75,-15,0,8.5,6.375,90,8,2
2022,TumamocHill,4_2,297,314,S,9.2,263.63,-8,-1,0.5625,-20,-1,-10,6.375,90,8,2
2021,TumamocHill,4_2,297,315,S,9.2,373.91,3,-1,0.75,-15,0,8.5,6.375,90,8,2
2022,TumamocHill,4_2,297,315,S,9.2,263.63,-5,5,0.5625,-20,-1,-10,6.375,90,8,2
2021,TumamocHill,4_2,297,316,S,9.2,373.91,-13,-45,0.75,-15,0,8.5,6.375,90,8,2
2022,TumamocHill,4_2,297,316,S,9.2,263.63,-8,9,0.5625,-20,-1,-10,6.375,90,8,2
2021,TumamocHill,4_2,297,317,S,9.2,373.91,-4,-5,0.75,-15,0,8.5,6.375,90,8,2
2022,TumamocHill,4_2,297,317,S,9.2,263.63,-8,-27,0.5625,-20,-1,-10,6.375,90,8,2
2021,TumamocHill,4_2,297,318,S,9.2,373.91,-6,-15,0.75,-15,0,8.5,6.375,90,8,2
2022,TumamocHill,4_2,297,318,S,9.2,263.63,0,0,0.5625,-20,-1,-10,6.375,90,8,2
2021,TumamocHill,4_2,297,319,S,9.2,373.91,-5,-25,0.75,-15,0,8.5,6.375,90,8,2
2022,TumamocHill,4_2,297,319,S,9.2,263.63,3,4,0.5625,-20,-1,-10,6.375,90,8,2
2021,TumamocHill,4_2,297,320,S,9.2,373.91,-3,-13,0.75,-15,0,8.5,6.375,90,8,2
2022,TumamocHill,4_2,297,320,S,9.2,263.63,0,0,0.5625,-20,-1,-10,6.375,90,8,2
2021,TumamocHill,4_2,298,321,S,4.4,373.91,-2,-9,-0.6875,-30,5,9,4.0625,50,25,1.5
2022,TumamocHill,4_2,298,321,S,4.4,263.63,0,0,0.875,13,-7,-5.5,4.0625,50,25,1.5
2021,TumamocHill,4_2,298,322,S,4.4,373.91,-1,-9,-0.6875,-30,5,9,4.0625,50,25,1.5
2022,TumamocHill,4_2,298,322,S,4.4,263.63,-2,4,0.875,13,-7,-5.5,4.0625,50,25,1.5
2021,TumamocHill,4_2,298,323,S,4.4,373.91,2,-11,-0.6875,-30,5,9,4.0625,50,25,1.5
2022,TumamocHill,4_2,298,323,S,4.4,263.63,-7,12,0.875,13,-7,-5.5,4.0625,50,25,1.5
2021,TumamocHill,4_2,298,324,S,4.4,373.91,-5,-17,-0.6875,-30,5,9,4.0625,50,25,1.5
2022,TumamocHill,4_2,298,324,S,4.4,263.63,0,0,0.875,13,-7,-5.5,4.0625,50,25,1.5
2021,TumamocHill,4_2,298,325,S,4.4,373.91,5,10,-0.6875,-30,5,9,4.0625,50,25,1.5
2022,TumamocHill,4_2,298,325,S,4.4,263.63,-10,-1,0.875,13,-7,-5.5,4.0625,50,25,1.5
2021,TumamocHill,4_2,298,326,S,4.4,373.91,25,52,-0.6875,-30,5,9,4.0625,50,25,1.5
2022,TumamocHill,4_2,298,326,S,4.4,263.63,-16,-8,0.875,13,-7,-5.5,4.0625,50,25,1.5
2021,TumamocHill,4_2,298,327,S,4.4,373.91,-10,-37,-0.6875,-30,5,9,4.0625,50,25,1.5
2022,TumamocHill,4_2,298,327,S,4.4,263.63,0,0,0.875,13,-7,-5.5,4.0625,50,25,1.5
2021,TumamocHill,4_2,298,328,S,4.4,373.91,3,32,-0.6875,-30,5,9,4.0625,50,25,1.5
2022,TumamocHill,4_2,298,328,S,4.4,263.63,9,27,0.875,13,-7,-5.5,4.0625,50,25,1.5
2021,TumamocHill,4_2,298,329,S,4.4,373.91,-4,-22,-0.6875,-30,5,9,4.0625,50,25,1.5
2022,TumamocHill,4_2,298,329,S,4.4,263.63,-8,27,0.875,13,-7,-5.5,4.0625,50,25,1.5
2021,TumamocHill,4_2,298,330,S,4.4,373.91,-5,14,-0.6875,-30,5,9,4.0625,50,25,1.5
2022,TumamocHill,4_2,298,330,S,4.4,263.63,10,13,0.875,13,-7,-5.5,4.0625,50,25,1.5
2021,TumamocHill,5_1,362,332,N,17.4,374.99,2,16,2.375,-15,-25,10,4.0625,55,40,4
2022,TumamocHill,5_1,362,332,N,17.4,245.03,6,-19,3.375,-7,2,-8,4.0625,55,40,4
2021,TumamocHill,5_1,362,333,N,17.4,374.99,-1,-6,2.375,-15,-25,10,4.0625,55,40,4
2022,TumamocHill,5_1,362,333,N,17.4,245.03,0,0,3.375,-7,2,-8,4.0625,55,40,4
2021,TumamocHill,5_1,362,334,N,17.4,374.99,0,23,2.375,-15,-25,10,4.0625,55,40,4
2022,TumamocHill,5_1,362,334,N,17.4,245.03,5,-25,3.375,-7,2,-8,4.0625,55,40,4
2021,TumamocHill,5_1,362,335,N,17.4,374.99,1,5,2.375,-15,-25,10,4.0625,55,40,4
2022,TumamocHill,5_1,362,335,N,17.4,245.03,2,-14,3.375,-7,2,-8,4.0625,55,40,4
2021,TumamocHill,5_1,362,336,N,17.4,374.99,10,35,2.375,-15,-25,10,4.0625,55,40,4
2022,TumamocHill,5_1,362,336,N,17.4,245.03,30,-19,3.375,-7,2,-8,4.0625,55,40,4
2021,TumamocHill,5_1,362,337,N,17.4,374.99,7,22,2.375,-15,-25,10,4.0625,55,40,4
2022,TumamocHill,5_1,362,337,N,17.4,245.03,7,-17,3.375,-7,2,-8,4.0625,55,40,4
2021,TumamocHill,5_1,362,338,N,17.4,374.99,-2,8,2.375,-15,-25,10,4.0625,55,40,4
2022,TumamocHill,5_1,362,338,N,17.4,245.03,3,-12,3.375,-7,2,-8,4.0625,55,40,4
2021,TumamocHill,5_1,362,339,N,17.4,374.99,0,-7,2.375,-15,-25,10,4.0625,55,40,4
2022,TumamocHill,5_1,362,339,N,17.4,245.03,0,0,3.375,-7,2,-8,4.0625,55,40,4
2021,TumamocHill,5_1,362,340,N,17.4,374.99,-1,9,2.375,-15,-25,10,4.0625,55,40,4
2022,TumamocHill,5_1,362,340,N,17.4,245.03,8,-12,3.375,-7,2,-8,4.0625,55,40,4
2021,TumamocHill,5_1,362,341,N,17.4,374.99,-9,-20,2.375,-15,-25,10,4.0625,55,40,4
2022,TumamocHill,5_1,362,341,N,17.4,245.03,3,-1,3.375,-7,2,-8,4.0625,55,40,4
2021,TumamocHill,5_1,363,342,N,22.4,374.99,1,2,2.125,0,-24,23,3.75,20,40,9
2022,TumamocHill,5_1,363,342,N,22.4,245.03,6,12,3.4375,5,4,-16,3.75,20,40,9
2021,TumamocHill,5_1,363,343,N,22.4,374.99,-22,-11,2.125,0,-24,23,3.75,20,40,9
2022,TumamocHill,5_1,363,343,N,22.4,245.03,12,19,3.4375,5,4,-16,3.75,20,40,9
2021,TumamocHill,5_1,363,344,N,22.4,374.99,0,-6,2.125,0,-24,23,3.75,20,40,9
2022,TumamocHill,5_1,363,344,N,22.4,245.03,0,0,3.4375,5,4,-16,3.75,20,40,9
2021,TumamocHill,5_1,363,345,N,22.4,374.99,-13,-16,2.125,0,-24,23,3.75,20,40,9
2022,TumamocHill,5_1,363,345,N,22.4,245.03,-4,0,3.4375,5,4,-16,3.75,20,40,9
2021,TumamocHill,5_1,363,346,N,22.4,374.99,-1,-4,2.125,0,-24,23,3.75,20,40,9
2022,TumamocHill,5_1,363,346,N,22.4,245.03,0,0,3.4375,5,4,-16,3.75,20,40,9
2021,TumamocHill,5_1,363,347,N,22.4,374.99,-19,-30,2.125,0,-24,23,3.75,20,40,9
2022,TumamocHill,5_1,363,347,N,22.4,245.03,0,9,3.4375,5,4,-16,3.75,20,40,9
2021,TumamocHill,5_1,363,348,N,22.4,374.99,-13,-14,2.125,0,-24,23,3.75,20,40,9
2022,TumamocHill,5_1,363,348,N,22.4,245.03,9,10,3.4375,5,4,-16,3.75,20,40,9
2021,TumamocHill,5_1,363,349,N,22.4,374.99,-2,-1,2.125,0,-24,23,3.75,20,40,9
2022,TumamocHill,5_1,363,349,N,22.4,245.03,3,1,3.4375,5,4,-16,3.75,20,40,9
2021,TumamocHill,5_1,363,350,N,22.4,374.99,-5,10,2.125,0,-24,23,3.75,20,40,9
2022,TumamocHill,5_1,363,350,N,22.4,245.03,0,4,3.4375,5,4,-16,3.75,20,40,9
2021,TumamocHill,5_1,363,351,N,22.4,374.99,8,16,2.125,0,-24,23,3.75,20,40,9
2022,TumamocHill,5_1,363,351,N,22.4,245.03,0,2,3.4375,5,4,-16,3.75,20,40,9
2021,TumamocHill,5_1,364,352,N,18.8,374.99,-8,-13,3.375,2,-3,13,2.9375,23,25,7
2022,TumamocHill,5_1,364,352,N,18.8,245.03,0,0,4.75,8,-14,-15,2.9375,23,25,7
2021,TumamocHill,5_1,364,353,N,18.8,374.99,-1,-3,3.375,2,-3,13,2.9375,23,25,7
2022,TumamocHill,5_1,364,353,N,18.8,245.03,0,0,4.75,8,-14,-15,2.9375,23,25,7
2021,TumamocHill,5_1,364,354,N,18.8,374.99,-26,-32,3.375,2,-3,13,2.9375,23,25,7
2022,TumamocHill,5_1,364,354,N,18.8,245.03,10,15,4.75,8,-14,-15,2.9375,23,25,7
2021,TumamocHill,5_1,364,355,N,18.8,374.99,-5,-16,3.375,2,-3,13,2.9375,23,25,7
2022,TumamocHill,5_1,364,355,N,18.8,245.03,0,0,4.75,8,-14,-15,2.9375,23,25,7
2021,TumamocHill,5_1,364,356,N,18.8,374.99,-3,-7,3.375,2,-3,13,2.9375,23,25,7
2022,TumamocHill,5_1,364,356,N,18.8,245.03,0,0,4.75,8,-14,-15,2.9375,23,25,7
2021,TumamocHill,5_1,364,357,N,18.8,374.99,4,11,3.375,2,-3,13,2.9375,23,25,7
2022,TumamocHill,5_1,364,357,N,18.8,245.03,3,10,4.75,8,-14,-15,2.9375,23,25,7
2021,TumamocHill,5_1,364,358,N,18.8,374.99,-2,3,3.375,2,-3,13,2.9375,23,25,7
2022,TumamocHill,5_1,364,358,N,18.8,245.03,7,4,4.75,8,-14,-15,2.9375,23,25,7
2021,TumamocHill,5_1,364,359,N,18.8,374.99,0,-12,3.375,2,-3,13,2.9375,23,25,7
2022,TumamocHill,5_1,364,359,N,18.8,245.03,11,24,4.75,8,-14,-15,2.9375,23,25,7
2021,TumamocHill,5_1,364,360,N,18.8,374.99,-1,9,3.375,2,-3,13,2.9375,23,25,7
2022,TumamocHill,5_1,364,360,N,18.8,245.03,7,6,4.75,8,-14,-15,2.9375,23,25,7
2021,TumamocHill,5_1,364,361,N,18.8,374.99,1,7,3.375,2,-3,13,2.9375,23,25,7
2022,TumamocHill,5_1,364,361,N,18.8,245.03,1,5,4.75,8,-14,-15,2.9375,23,25,7
2022,KinneyHill,76,396,365,SW,9.8,248.42,17,-14,1.5,0,-2,-1,2.9375,40,4,2
2022,KinneyHill,76,396,366,SW,9.8,248.42,27,23,1.5,0,-2,-1,2.9375,40,4,2
2022,KinneyHill,76,396,367,SW,9.8,248.42,-4,-6,1.5,0,-2,-1,2.9375,40,4,2
2022,KinneyHill,76,396,368,SW,9.8,248.42,20,-1,1.5,0,-2,-1,2.9375,40,4,2
2022,KinneyHill,76,396,369,SW,9.8,248.42,19,36,1.5,0,-2,-1,2.9375,40,4,2
2022,KinneyHill,76,396,370,SW,9.8,248.42,15,7,1.5,0,-2,-1,2.9375,40,4,2
2022,KinneyHill,76,396,371,SW,9.8,248.42,35,33,1.5,0,-2,-1,2.9375,40,4,2
2022,KinneyHill,76,396,372,SW,9.8,248.42,8,5,1.5,0,-2,-1,2.9375,40,4,2
2022,KinneyHill,76,396,373,SW,9.8,248.42,27,16,1.5,0,-2,-1,2.9375,40,4,2
2022,KinneyHill,76,396,374,SW,9.8,248.42,36,32,1.5,0,-2,-1,2.9375,40,4,2
2022,KinneyHill,76,397,375,SW,16.2,248.42,34,17,3.5,-15,5,-2,2.5,50,25,3
2022,KinneyHill,76,397,376,SW,16.2,248.42,18,31,3.5,-15,5,-2,2.5,50,25,3
2022,KinneyHill,76,397,377,SW,16.2,248.42,31,21,3.5,-15,5,-2,2.5,50,25,3
2022,KinneyHill,76,397,378,SW,16.2,248.42,8,23,3.5,-15,5,-2,2.5,50,25,3
2022,KinneyHill,76,397,379,SW,16.2,248.42,41,-8,3.5,-15,5,-2,2.5,50,25,3
2022,KinneyHill,76,397,380,SW,16.2,248.42,19,15,3.5,-15,5,-2,2.5,50,25,3
2022,KinneyHill,76,397,381,SW,16.2,248.42,12,42,3.5,-15,5,-2,2.5,50,25,3
2022,KinneyHill,76,397,382,SW,16.2,248.42,22,14,3.5,-15,5,-2,2.5,50,25,3
2022,KinneyHill,76,397,383,SW,16.2,248.42,1,-22,3.5,-15,5,-2,2.5,50,25,3
2022,KinneyHill,76,397,384,SW,16.2,248.42,26,19,3.5,-15,5,-2,2.5,50,25,3
2022,KinneyHill,76,395,385,SW,14.2,248.42,9,1,1.0625,-13,-2,0,2.1875,40,12,1
2022,KinneyHill,76,395,386,SW,14.2,248.42,78,60,1.0625,-13,-2,0,2.1875,40,12,1
2022,KinneyHill,76,395,387,SW,14.2,248.42,53,17,1.0625,-13,-2,0,2.1875,40,12,1
2022,KinneyHill,76,395,388,SW,14.2,248.42,79,3,1.0625,-13,-2,0,2.1875,40,12,1
2022,KinneyHill,76,395,389,SW,14.2,248.42,36,21,1.0625,-13,-2,0,2.1875,40,12,1
2022,KinneyHill,76,395,390,SW,14.2,248.42,17,11,1.0625,-13,-2,0,2.1875,40,12,1
2022,KinneyHill,76,395,391,SW,14.2,248.42,16,7,1.0625,-13,-2,0,2.1875,40,12,1
2022,KinneyHill,76,395,392,SW,14.2,248.42,23,5,1.0625,-13,-2,0,2.1875,40,12,1
2022,KinneyHill,76,395,393,SW,14.2,248.42,64,17,1.0625,-13,-2,0,2.1875,40,12,1
2022,KinneyHill,76,395,394,SW,14.2,248.42,17,0,1.0625,-13,-2,0,2.1875,40,12,1
2022,KinneyHill,57,398,442,SW,16.8,248.09,52,-13,1.0625,0,-9,6,1.3125,25,15,5
2022,KinneyHill,57,398,443,SW,16.8,248.09,70,-8,1.0625,0,-9,6,1.3125,25,15,5
2022,KinneyHill,57,398,444,SW,16.8,248.09,14,19,1.0625,0,-9,6,1.3125,25,15,5
2022,KinneyHill,57,398,445,SW,16.8,248.09,40,3,1.0625,0,-9,6,1.3125,25,15,5
2022,KinneyHill,57,398,446,SW,16.8,248.09,37,15,1.0625,0,-9,6,1.3125,25,15,5
2022,KinneyHill,57,398,447,SW,16.8,248.09,60,6,1.0625,0,-9,6,1.3125,25,15,5
2022,KinneyHill,57,398,448,SW,16.8,248.09,23,9,1.0625,0,-9,6,1.3125,25,15,5
2022,KinneyHill,57,398,449,SW,16.8,248.09,34,14,1.0625,0,-9,6,1.3125,25,15,5
2022,KinneyHill,57,398,450,SW,16.8,248.09,3,-14,1.0625,0,-9,6,1.3125,25,15,5
2022,KinneyHill,57,398,451,SW,16.8,248.09,45,-3,1.0625,0,-9,6,1.3125,25,15,5
2022,KinneyHill,57,400,452,SW,20,248.09,-4,-23,1.3125,0,-1,-5,1.875,30,10,6
2022,KinneyHill,57,400,453,SW,20,248.09,4,79,1.3125,0,-1,-5,1.875,30,10,6
2022,KinneyHill,57,400,454,SW,20,248.09,12,49,1.3125,0,-1,-5,1.875,30,10,6
2022,KinneyHill,57,400,455,SW,20,248.09,50,45,1.3125,0,-1,-5,1.875,30,10,6
2022,KinneyHill,57,400,456,SW,20,248.09,-2,11,1.3125,0,-1,-5,1.875,30,10,6
2022,KinneyHill,57,400,457,SW,20,248.09,4,29,1.3125,0,-1,-5,1.875,30,10,6
2022,KinneyHill,57,400,458,SW,20,248.09,3,17,1.3125,0,-1,-5,1.875,30,10,6
2022,KinneyHill,57,400,459,SW,20,248.09,0,17,1.3125,0,-1,-5,1.875,30,10,6
2022,KinneyHill,57,400,460,SW,20,248.09,5,12,1.3125,0,-1,-5,1.875,30,10,6
2022,KinneyHill,57,400,461,SW,20,248.09,-3,12,1.3125,0,-1,-5,1.875,30,10,6
2022,KinneyHill,57,399,462,SW,22.8,248.09,38,25,1.5,2,1,3,1.75,20,0,2
2022,KinneyHill,57,399,463,SW,22.8,248.09,46,15,1.5,2,1,3,1.75,20,0,2
2022,KinneyHill,57,399,464,SW,22.8,248.09,58,47,1.5,2,1,3,1.75,20,0,2
2022,KinneyHill,57,399,465,SW,22.8,248.09,53,23,1.5,2,1,3,1.75,20,0,2
2022,KinneyHill,57,399,466,SW,22.8,248.09,31,14,1.5,2,1,3,1.75,20,0,2
2022,KinneyHill,57,399,467,SW,22.8,248.09,27,-4,1.5,2,1,3,1.75,20,0,2
2022,KinneyHill,57,399,468,SW,22.8,248.09,31,-1,1.5,2,1,3,1.75,20,0,2
2022,KinneyHill,57,399,469,SW,22.8,248.09,50,28,1.5,2,1,3,1.75,20,0,2
2022,KinneyHill,57,399,470,SW,22.8,248.09,-4,-3,1.5,2,1,3,1.75,20,0,2
2022,KinneyHill,57,399,471,SW,22.8,248.09,44,-5,1.5,2,1,3,1.75,20,0,2
2022,KinneyHill,78,401,472,E,20,246.82,21,34,0.9375,5,-7,-10.5,2.1875,13,13,15
2022,KinneyHill,78,401,473,E,20,246.82,27,19,0.9375,5,-7,-10.5,2.1875,13,13,15
2022,KinneyHill,78,401,474,E,20,246.82,29,18,0.9375,5,-7,-10.5,2.1875,13,13,15
2022,KinneyHill,78,401,475,E,20,246.82,17,18,0.9375,5,-7,-10.5,2.1875,13,13,15
2022,KinneyHill,78,401,476,E,20,246.82,16,21,0.9375,5,-7,-10.5,2.1875,13,13,15
2022,KinneyHill,78,401,477,E,20,246.82,17,10,0.9375,5,-7,-10.5,2.1875,13,13,15
2022,KinneyHill,78,401,478,E,20,246.82,29,22,0.9375,5,-7,-10.5,2.1875,13,13,15
2022,KinneyHill,78,401,479,E,20,246.82,27,37,0.9375,5,-7,-10.5,2.1875,13,13,15
2022,KinneyHill,78,401,480,E,20,246.82,26,14,0.9375,5,-7,-10.5,2.1875,13,13,15
2022,KinneyHill,78,401,481,E,20,246.82,20,12,0.9375,5,-7,-10.5,2.1875,13,13,15
2022,KinneyHill,78,402,482,E,9.8,246.82,20,16,1.0625,0,-5,1,3.875,30,18,1
2022,KinneyHill,78,402,483,E,9.8,246.82,23,21,1.0625,0,-5,1,3.875,30,18,1
2022,KinneyHill,78,402,484,E,9.8,246.82,41,35,1.0625,0,-5,1,3.875,30,18,1
2022,KinneyHill,78,402,485,E,9.8,246.82,29,20,1.0625,0,-5,1,3.875,30,18,1
2022,KinneyHill,78,402,486,E,9.8,246.82,11,11,1.0625,0,-5,1,3.875,30,18,1
2022,KinneyHill,78,402,487,E,9.8,246.82,26,39,1.0625,0,-5,1,3.875,30,18,1
2022,KinneyHill,78,402,488,E,9.8,246.82,17,10,1.0625,0,-5,1,3.875,30,18,1
2022,KinneyHill,78,402,489,E,9.8,246.82,7,6,1.0625,0,-5,1,3.875,30,18,1
2022,KinneyHill,78,402,490,E,9.8,246.82,22,12,1.0625,0,-5,1,3.875,30,18,1
2022,KinneyHill,78,402,491,E,9.8,246.82,25,4,1.0625,0,-5,1,3.875,30,18,1
2022,KinneyHill,78,403,492,E,20.2,246.82,13,-5,-0.0625,-15,-5,-2.5,3.75,50,10,3
2022,KinneyHill,78,403,493,E,20.2,246.82,24,18,-0.0625,-15,-5,-2.5,3.75,50,10,3
2022,KinneyHill,78,403,494,E,20.2,246.82,18,10,-0.0625,-15,-5,-2.5,3.75,50,10,3
2022,KinneyHill,78,403,495,E,20.2,246.82,45,3,-0.0625,-15,-5,-2.5,3.75,50,10,3
2022,KinneyHill,78,403,496,E,20.2,246.82,9,-28,-0.0625,-15,-5,-2.5,3.75,50,10,3
2022,KinneyHill,78,403,497,E,20.2,246.82,15,10,-0.0625,-15,-5,-2.5,3.75,50,10,3
2022,KinneyHill,78,403,498,E,20.2,246.82,10,5,-0.0625,-15,-5,-2.5,3.75,50,10,3
2022,KinneyHill,78,403,499,E,20.2,246.82,5,6,-0.0625,-15,-5,-2.5,3.75,50,10,3
2022,KinneyHill,78,403,500,E,20.2,246.82,30,14,-0.0625,-15,-5,-2.5,3.75,50,10,3
2022,TumamocHill,5_3,41,561,N,16.2,243.62,23,22,1.6875,-15,10,-13,NA,NA,NA,NA
2022,KinneyHill,78,403,562,E,20.2,246.82,41,22,-0.0625,-15,-5,-2.5,3.75,50,10,3
2022,KinneyHill,77,406,563,E,15,246.72,-2,-8,-0.3125,0,-2,-16,4.0625,25,2,25
2022,KinneyHill,77,406,564,E,15,246.72,9,-43,-0.3125,0,-2,-16,4.0625,25,2,25
2022,KinneyHill,77,406,565,E,15,246.72,28,54,-0.3125,0,-2,-16,4.0625,25,2,25
2022,KinneyHill,77,406,566,E,15,246.72,49,29,-0.3125,0,-2,-16,4.0625,25,2,25
2022,KinneyHill,77,406,567,E,15,246.72,2,4,-0.3125,0,-2,-16,4.0625,25,2,25
2022,KinneyHill,77,406,568,E,15,246.72,49,14,-0.3125,0,-2,-16,4.0625,25,2,25
2022,KinneyHill,77,406,569,E,15,246.72,2,3,-0.3125,0,-2,-16,4.0625,25,2,25
2022,KinneyHill,77,406,570,E,15,246.72,7,12,-0.3125,0,-2,-16,4.0625,25,2,25
2022,KinneyHill,77,406,572,E,15,246.72,-1,-9,-0.3125,0,-2,-16,4.0625,25,2,25
2022,KinneyHill,77,405,573,E,15.2,246.72,6,41,0.875,15,2,-15,2.8125,8,15,20
2022,KinneyHill,77,405,574,E,15.2,246.72,22,26,0.875,15,2,-15,2.8125,8,15,20
2022,KinneyHill,77,405,575,E,15.2,246.72,1,-1,0.875,15,2,-15,2.8125,8,15,20
2022,KinneyHill,77,405,576,E,15.2,246.72,39,30,0.875,15,2,-15,2.8125,8,15,20
2022,KinneyHill,77,405,577,E,15.2,246.72,17,22,0.875,15,2,-15,NA,NA,NA,NA
2022,KinneyHill,77,405,578,E,15.2,246.72,3,6,0.875,15,2,-15,2.8125,8,15,20
2022,KinneyHill,77,405,579,E,15.2,246.72,26,18,0.875,15,2,-15,2.8125,8,15,20
2022,KinneyHill,77,405,580,E,15.2,246.72,35,29,0.875,15,2,-15,2.8125,8,15,20
2022,KinneyHill,77,405,581,E,15.2,246.72,0,0,0.875,15,2,-15,2.8125,8,15,20
2022,KinneyHill,77,405,582,E,15.2,246.72,35,27,0.875,15,2,-15,2.8125,8,15,20
2022,KinneyHill,77,404,583,E,28.4,246.72,51,48,0.3125,-2,20,-16,1.3125,25,10,27
2022,KinneyHill,77,404,584,E,28.4,246.72,49,24,0.3125,-2,20,-16,1.3125,25,10,27
2022,KinneyHill,77,404,585,E,28.4,246.72,35,49,0.3125,-2,20,-16,1.3125,25,10,27
2022,KinneyHill,77,404,586,E,28.4,246.72,22,33,0.3125,-2,20,-16,1.3125,25,10,27
2022,KinneyHill,77,404,587,E,28.4,246.72,43,47,0.3125,-2,20,-16,1.3125,25,10,27
2022,KinneyHill,77,404,588,E,28.4,246.72,47,91,0.3125,-2,20,-16,1.3125,25,10,27
2022,KinneyHill,77,404,589,E,28.4,246.72,32,57,0.3125,-2,20,-16,1.3125,25,10,27
2022,KinneyHill,77,404,590,E,28.4,246.72,48,50,0.3125,-2,20,-16,1.3125,25,10,27
2022,KinneyHill,77,404,591,E,28.4,246.72,56,53,0.3125,-2,20,-16,1.3125,25,10,27
2022,KinneyHill,66,411,593,S,17,247.15,2,4,-5.625,-12,-9,-21,13.875,35,18,23
2022,KinneyHill,66,411,594,S,17,247.15,2,4,-5.625,-12,-9,-21,13.875,35,18,23
2022,KinneyHill,66,411,595,S,17,247.15,3,11,-5.625,-12,-9,-21,13.875,35,18,23
2022,KinneyHill,66,411,596,S,17,247.15,0,-4,-5.625,-12,-9,-21,13.875,35,18,23
2022,KinneyHill,66,411,597,S,17,247.15,0,2,-5.625,-12,-9,-21,13.875,35,18,23
2022,KinneyHill,66,411,598,S,17,247.15,4,9,-5.625,-12,-9,-21,13.875,35,18,23
2022,KinneyHill,66,411,599,S,17,247.15,-1,-11,-5.625,-12,-9,-21,13.875,35,18,23
2022,KinneyHill,66,411,600,S,17,247.15,4,3,-5.625,-12,-9,-21,13.875,35,18,23
2022,KinneyHill,66,411,601,S,17,247.15,3,1,-5.625,-12,-9,-21,13.875,35,18,23
2022,KinneyHill,66,411,602,S,17,247.15,4,7,-5.625,-12,-9,-21,13.875,35,18,23
2022,KinneyHill,66,412,603,S,21,247.15,13,3,-2.375,3,-4,-5,8.0625,22,9,7.5
2022,KinneyHill,66,412,604,S,21,247.15,17,14,-2.375,3,-4,-5,8.0625,22,9,7.5
2022,KinneyHill,66,412,605,S,21,247.15,2,-2,-2.375,3,-4,-5,8.0625,22,9,7.5
2022,KinneyHill,66,412,606,S,21,247.15,-1,3,-2.375,3,-4,-5,8.0625,22,9,7.5
2022,KinneyHill,66,412,607,S,21,247.15,-9,-2,-2.375,3,-4,-5,8.0625,22,9,7.5
2022,KinneyHill,66,412,608,S,21,247.15,-25,-35,-2.375,3,-4,-5,8.0625,22,9,7.5
2022,KinneyHill,66,410,613,S,16.8,247.15,-3,10,-5.5,0,-9,-13.5,17.0625,40,15,16
2022,KinneyHill,66,410,614,S,16.8,247.15,12,26,-5.5,0,-9,-13.5,17.0625,40,15,16
2022,KinneyHill,66,410,615,S,16.8,247.15,3,14,-5.5,0,-9,-13.5,17.0625,40,15,16
2022,KinneyHill,66,410,616,S,16.8,247.15,2,7,-5.5,0,-9,-13.5,17.0625,40,15,16
2022,KinneyHill,66,410,617,S,16.8,247.15,-3,24,-5.5,0,-9,-13.5,17.0625,40,15,16
2022,KinneyHill,66,410,618,S,16.8,247.15,-2,15,-5.5,0,-9,-13.5,17.0625,40,15,16
2022,KinneyHill,66,410,619,S,16.8,247.15,-8,-13,-5.5,0,-9,-13.5,17.0625,40,15,16
2022,KinneyHill,66,410,620,S,16.8,247.15,-9,3,-5.5,0,-9,-13.5,17.0625,40,15,16
2022,KinneyHill,66,410,621,S,16.8,247.15,1,9,-5.5,0,-9,-13.5,17.0625,40,15,16
2022,KinneyHill,66,410,622,S,16.8,247.15,1,2,-5.5,0,-9,-13.5,17.0625,40,15,16
2022,KinneyHill,68,415,623,W,20.2,252.67,3,-7,-4.875,-2,1,2.5,7.75,25,10,2.5
2022,KinneyHill,68,415,624,W,20.2,252.67,24,1,-4.875,-2,1,2.5,7.75,25,10,2.5
2022,KinneyHill,68,415,625,W,20.2,252.67,13,-5,-4.875,-2,1,2.5,7.75,25,10,2.5
2022,KinneyHill,68,415,626,W,20.2,252.67,-2,-10,-4.875,-2,1,2.5,7.75,25,10,2.5
2022,KinneyHill,68,415,627,W,20.2,252.67,11,27,-4.875,-2,1,2.5,7.75,25,10,2.5
2022,KinneyHill,68,415,628,W,20.2,252.67,4,2,-4.875,-2,1,2.5,7.75,25,10,2.5
2022,KinneyHill,68,415,629,W,20.2,252.67,3,1,-4.875,-2,1,2.5,7.75,25,10,2.5
2022,KinneyHill,68,415,630,W,20.2,252.67,15,16,-4.875,-2,1,2.5,7.75,25,10,2.5
2022,KinneyHill,68,415,631,W,20.2,252.67,13,19,-4.875,-2,1,2.5,7.75,25,10,2.5
2022,KinneyHill,68,415,632,W,20.2,252.67,5,8,-4.875,-2,1,2.5,7.75,25,10,2.5
2022,KinneyHill,68,413,633,W,21.2,252.67,29,3,-6.9375,0,2,-7.5,11.1875,33,13,9
2022,KinneyHill,68,413,634,W,21.2,252.67,22,17,-6.9375,0,2,-7.5,11.1875,33,13,9
2022,KinneyHill,68,413,635,W,21.2,252.67,18,7,-6.9375,0,2,-7.5,11.1875,33,13,9
2022,KinneyHill,68,413,636,W,21.2,252.67,-45,-130,-6.9375,0,2,-7.5,11.1875,33,13,9
2022,KinneyHill,68,413,637,W,21.2,252.67,23,2,-6.9375,0,2,-7.5,11.1875,33,13,9
2022,KinneyHill,68,413,638,W,21.2,252.67,20,4,-6.9375,0,2,-7.5,11.1875,33,13,9
2022,KinneyHill,68,413,639,W,21.2,252.67,26,-17,-6.9375,0,2,-7.5,11.1875,33,13,9
2022,KinneyHill,68,413,640,W,21.2,252.67,13,-5,-6.9375,0,2,-7.5,11.1875,33,13,9
2022,KinneyHill,68,413,641,W,21.2,252.67,26,28,-6.9375,0,2,-7.5,11.1875,33,13,9
2022,KinneyHill,68,413,642,W,21.2,252.67,7,-3,-6.9375,0,2,-7.5,11.1875,33,13,9
2022,KinneyHill,68,414,643,W,20.8,252.67,31,24,-2.5,2,-1,1.5,5.625,18,17,4
2022,KinneyHill,68,414,644,W,20.8,252.67,23,12,-2.5,2,-1,1.5,5.625,18,17,4
2022,KinneyHill,68,414,645,W,20.8,252.67,21,11,-2.5,2,-1,1.5,5.625,18,17,4
2022,KinneyHill,68,414,646,W,20.8,252.67,8,8,-2.5,2,-1,1.5,5.625,18,17,4
2022,KinneyHill,68,414,647,W,20.8,252.67,21,11,-2.5,2,-1,1.5,5.625,18,17,4
2022,KinneyHill,68,414,648,W,20.8,252.67,19,1,-2.5,2,-1,1.5,5.625,18,17,4
2022,KinneyHill,68,414,649,W,20.8,252.67,13,3,-2.5,2,-1,1.5,5.625,18,17,4
2022,KinneyHill,68,414,650,W,20.8,252.67,11,15,-2.5,2,-1,1.5,5.625,18,17,4
2022,KinneyHill,68,414,651,W,20.8,252.67,23,23,-2.5,2,-1,1.5,5.625,18,17,4
2022,KinneyHill,68,414,652,W,20.8,252.67,7,5,-2.5,2,-1,1.5,5.625,18,17,4
2022,KinneyHill,70,409,653,S,18.8,247.55,18,9,-5.3125,-15,0,-0.5,10.3125,35,5,1
2022,KinneyHill,70,409,654,S,18.8,247.55,24,22,-5.3125,-15,0,-0.5,10.3125,35,5,1
2022,KinneyHill,70,409,655,S,18.8,247.55,6,9,-5.3125,-15,0,-0.5,10.3125,35,5,1
2022,KinneyHill,70,409,656,S,18.8,247.55,-2,7,-5.3125,-15,0,-0.5,10.3125,35,5,1
2022,KinneyHill,70,409,657,S,18.8,247.55,-2,-26,-5.3125,-15,0,-0.5,10.3125,35,5,1
2022,KinneyHill,70,409,658,S,18.8,247.55,20,5,-5.3125,-15,0,-0.5,10.3125,35,5,1
2022,KinneyHill,70,409,659,S,18.8,247.55,20,12,-5.3125,-15,0,-0.5,10.3125,35,5,1
2022,KinneyHill,70,409,660,S,18.8,247.55,17,-20,-5.3125,-15,0,-0.5,10.3125,35,5,1
2022,KinneyHill,70,409,661,S,18.8,247.55,-2,6,-5.3125,-15,0,-0.5,10.3125,35,5,1
2022,KinneyHill,70,409,662,S,18.8,247.55,11,-2,-5.3125,-15,0,-0.5,10.3125,35,5,1
2022,KinneyHill,70,408,663,S,20.8,247.55,35,-12,-1.8125,0,-2,-0.5,5.5,25,3,0.5
2022,KinneyHill,70,408,664,S,20.8,247.55,1,19,-1.8125,0,-2,-0.5,5.5,25,3,0.5
2022,KinneyHill,70,408,665,S,20.8,247.55,20,35,-1.8125,0,-2,-0.5,5.5,25,3,0.5
2022,KinneyHill,70,408,666,S,20.8,247.55,22,-3,-1.8125,0,-2,-0.5,5.5,25,3,0.5
2022,KinneyHill,70,408,667,S,20.8,247.55,8,33,-1.8125,0,-2,-0.5,5.5,25,3,0.5
2022,KinneyHill,70,408,668,S,20.8,247.55,2,12,-1.8125,0,-2,-0.5,5.5,25,3,0.5
2022,KinneyHill,70,408,669,S,20.8,247.55,0,-11,-1.8125,0,-2,-0.5,5.5,25,3,0.5
2022,KinneyHill,70,408,670,S,20.8,247.55,4,2,-1.8125,0,-2,-0.5,5.5,25,3,0.5
2022,KinneyHill,70,408,671,S,20.8,247.55,-6,-28,-1.8125,0,-2,-0.5,5.5,25,3,0.5
2022,KinneyHill,70,408,672,S,20.8,247.55,0,-10,-1.8125,0,-2,-0.5,5.5,25,3,0.5
2022,KinneyHill,70,407,673,S,14.6,247.55,8,0,-2.4375,-20,-19,-1,5.5625,35,30,1
2022,KinneyHill,70,407,674,S,14.6,247.55,9,13,-2.4375,-20,-19,-1,5.5625,35,30,1
2022,KinneyHill,70,407,675,S,14.6,247.55,0,0,-2.4375,-20,-19,-1,5.5625,35,30,1
2022,KinneyHill,70,407,676,S,14.6,247.55,4,9,-2.4375,-20,-19,-1,5.5625,35,30,1
2022,KinneyHill,70,407,677,S,14.6,247.55,28,24,-2.4375,-20,-19,-1,5.5625,35,30,1
2022,KinneyHill,70,407,678,S,14.6,247.55,-1,19,-2.4375,-20,-19,-1,5.5625,35,30,1
2022,KinneyHill,70,407,679,S,14.6,247.55,15,28,-2.4375,-20,-19,-1,5.5625,35,30,1
2022,KinneyHill,70,407,680,S,14.6,247.55,9,10,-2.4375,-20,-19,-1,5.5625,35,30,1
2022,KinneyHill,70,407,681,S,14.6,247.55,6,7,-2.4375,-20,-19,-1,5.5625,35,30,1
2022,KinneyHill,70,407,682,S,14.6,247.55,13,18,-2.4375,-20,-19,-1,5.5625,35,30,1
2022,LomaVerde,71,416,683,W,11.8,338.68,-22,-24,5.0625,2,0,-11,1.875,18,45,22
2023,LomaVerde,71,416,683,W,11.8,272.86,21,32,-4.9375,15,5,-1,1.875,18,45,22
2022,LomaVerde,71,416,684,W,11.8,338.68,5,0,5.0625,2,0,-11,1.875,18,45,22
2023,LomaVerde,71,416,684,W,11.8,272.86,-6,16,-4.9375,15,5,-1,1.875,18,45,22
2022,LomaVerde,71,416,685,W,11.8,338.68,20,9,5.0625,2,0,-11,1.875,18,45,22
2023,LomaVerde,71,416,685,W,11.8,272.86,-5,53,-4.9375,15,5,-1,1.875,18,45,22
2022,LomaVerde,71,416,686,W,11.8,338.68,28,38,5.0625,2,0,-11,1.875,18,45,22
2023,LomaVerde,71,416,686,W,11.8,272.86,-10,49,-4.9375,15,5,-1,1.875,18,45,22
2022,LomaVerde,71,416,687,W,11.8,338.68,7,7,5.0625,2,0,-11,1.875,18,45,22
2023,LomaVerde,71,416,687,W,11.8,272.86,23,87,-4.9375,15,5,-1,1.875,18,45,22
2022,LomaVerde,71,416,688,W,11.8,338.68,36,24,5.0625,2,0,-11,1.875,18,45,22
2023,LomaVerde,71,416,688,W,11.8,272.86,-27,85,-4.9375,15,5,-1,1.875,18,45,22
2022,LomaVerde,71,416,689,W,11.8,338.68,7,1,5.0625,2,0,-11,1.875,18,45,22
2023,LomaVerde,71,416,689,W,11.8,272.86,0,53,-4.9375,15,5,-1,1.875,18,45,22
2022,LomaVerde,71,416,690,W,11.8,338.68,77,63,5.0625,2,0,-11,1.875,18,45,22
2023,LomaVerde,71,416,690,W,11.8,272.86,-52,91,-4.9375,15,5,-1,1.875,18,45,22
2022,LomaVerde,71,416,691,W,11.8,338.68,12,12,5.0625,2,0,-11,1.875,18,45,22
2023,LomaVerde,71,416,691,W,11.8,272.86,33,138,-4.9375,15,5,-1,1.875,18,45,22
2022,LomaVerde,71,416,692,W,11.8,338.68,29,17,5.0625,2,0,-11,1.875,18,45,22
2023,LomaVerde,71,416,692,W,11.8,272.86,11,158,-4.9375,15,5,-1,1.875,18,45,22
2023,LomaVerde,71,417,693,W,20,272.86,17,28,-4.1875,0,1,1,NA,NA,NA,NA
2022,LomaVerde,71,417,694,W,20,338.68,-7,-10,3.625,5,-3,-21,2.6875,35,20,22
2023,LomaVerde,71,417,694,W,20,272.86,18,41,-4.1875,0,1,1,2.6875,35,20,22
2022,LomaVerde,71,417,695,W,20,338.68,12,23,3.625,5,-3,-21,2.6875,35,20,22
2023,LomaVerde,71,417,695,W,20,272.86,15,77,-4.1875,0,1,1,2.6875,35,20,22
2022,LomaVerde,71,417,696,W,20,338.68,19,10,3.625,5,-3,-21,2.6875,35,20,22
2023,LomaVerde,71,417,696,W,20,272.86,14,45,-4.1875,0,1,1,2.6875,35,20,22
2022,LomaVerde,71,417,697,W,20,338.68,-1,-1,3.625,5,-3,-21,2.6875,35,20,22
2023,LomaVerde,71,417,697,W,20,272.86,10,11,-4.1875,0,1,1,2.6875,35,20,22
2022,LomaVerde,71,417,698,W,20,338.68,38,38,3.625,5,-3,-21,2.6875,35,20,22
2023,LomaVerde,71,417,698,W,20,272.86,-24,29,-4.1875,0,1,1,2.6875,35,20,22
2022,LomaVerde,71,417,699,W,20,338.68,-3,6,3.625,5,-3,-21,2.6875,35,20,22
2023,LomaVerde,71,417,699,W,20,272.86,13,64,-4.1875,0,1,1,2.6875,35,20,22
2022,LomaVerde,71,417,700,W,20,338.68,-22,-12,3.625,5,-3,-21,2.6875,35,20,22
2023,LomaVerde,71,417,700,W,20,272.86,32,90,-4.1875,0,1,1,2.6875,35,20,22
2022,LomaVerde,71,417,701,W,20,338.68,9,21,3.625,5,-3,-21,2.6875,35,20,22
2023,LomaVerde,71,417,701,W,20,272.86,31,142,-4.1875,0,1,1,2.6875,35,20,22
2022,LomaVerde,71,417,702,W,20,338.68,-4,15,3.625,5,-3,-21,2.6875,35,20,22
2023,LomaVerde,71,417,702,W,20,272.86,33,62,-4.1875,0,1,1,2.6875,35,20,22
2022,LomaVerde,71,418,703,W,18.4,338.68,1,29,7.6875,-10,2,-2,3.625,60,15,6
2023,LomaVerde,71,418,703,W,18.4,272.86,39,95,-8.9375,5,-7,-3,3.625,60,15,6
2022,LomaVerde,71,418,704,W,18.4,338.68,-3,11,7.6875,-10,2,-2,3.625,60,15,6
2023,LomaVerde,71,418,704,W,18.4,272.86,32,74,-8.9375,5,-7,-3,3.625,60,15,6
2022,LomaVerde,71,418,705,W,18.4,338.68,-20,-5,7.6875,-10,2,-2,3.625,60,15,6
2023,LomaVerde,71,418,705,W,18.4,272.86,13,12,-8.9375,5,-7,-3,3.625,60,15,6
2022,LomaVerde,71,418,706,W,18.4,338.68,12,12,7.6875,-10,2,-2,3.625,60,15,6
2023,LomaVerde,71,418,706,W,18.4,272.86,10,52,-8.9375,5,-7,-3,3.625,60,15,6
2022,LomaVerde,71,418,707,W,18.4,338.68,-2,-9,7.6875,-10,2,-2,3.625,60,15,6
2023,LomaVerde,71,418,707,W,18.4,272.86,2,8,-8.9375,5,-7,-3,3.625,60,15,6
2022,LomaVerde,71,418,708,W,18.4,338.68,5,26,7.6875,-10,2,-2,3.625,60,15,6
2023,LomaVerde,71,418,708,W,18.4,272.86,10,29,-8.9375,5,-7,-3,3.625,60,15,6
2022,LomaVerde,71,418,709,W,18.4,338.68,-12,6,7.6875,-10,2,-2,3.625,60,15,6
2023,LomaVerde,71,418,709,W,18.4,272.86,26,45,-8.9375,5,-7,-3,3.625,60,15,6
2022,LomaVerde,71,418,710,W,18.4,338.68,-2,24,7.6875,-10,2,-2,3.625,60,15,6
2023,LomaVerde,71,418,710,W,18.4,272.86,15,41,-8.9375,5,-7,-3,3.625,60,15,6
2022,LomaVerde,71,418,711,W,18.4,338.68,-4,16,7.6875,-10,2,-2,3.625,60,15,6
2023,LomaVerde,71,418,711,W,18.4,272.86,72,117,-8.9375,5,-7,-3,3.625,60,15,6
2022,LomaVerde,71,418,712,W,18.4,338.68,2,17,7.6875,-10,2,-2,3.625,60,15,6
2023,LomaVerde,71,418,712,W,18.4,272.86,13,58,-8.9375,5,-7,-3,3.625,60,15,6
2022,LomaVerde,74,422,713,SW,20.8,340.8,20,40,2.875,5,0,-9,3.1875,25,15,11
2023,LomaVerde,74,422,713,SW,20.8,263.65,33,78,-1.9375,5,7,5,3.1875,25,15,11
2022,LomaVerde,74,422,714,SW,20.8,340.8,9,9,2.875,5,0,-9,3.1875,25,15,11
2023,LomaVerde,74,422,714,SW,20.8,263.65,46,113,-1.9375,5,7,5,3.1875,25,15,11
2022,LomaVerde,74,422,715,SW,20.8,340.8,-11,-1,2.875,5,0,-9,3.1875,25,15,11
2023,LomaVerde,74,422,715,SW,20.8,263.65,16,20,-1.9375,5,7,5,3.1875,25,15,11
2022,LomaVerde,74,422,716,SW,20.8,340.8,29,55,2.875,5,0,-9,3.1875,25,15,11
2023,LomaVerde,74,422,716,SW,20.8,263.65,55,116,-1.9375,5,7,5,3.1875,25,15,11
2022,LomaVerde,74,422,717,SW,20.8,340.8,-13,55,2.875,5,0,-9,3.1875,25,15,11
2023,LomaVerde,74,422,717,SW,20.8,263.65,67,92,-1.9375,5,7,5,3.1875,25,15,11
2022,LomaVerde,74,422,718,SW,20.8,340.8,43,66,2.875,5,0,-9,3.1875,25,15,11
2023,LomaVerde,74,422,718,SW,20.8,263.65,60,121,-1.9375,5,7,5,3.1875,25,15,11
2022,LomaVerde,74,422,719,SW,20.8,340.8,-7,72,2.875,5,0,-9,3.1875,25,15,11
2023,LomaVerde,74,422,719,SW,20.8,263.65,53,36,-1.9375,5,7,5,3.1875,25,15,11
2022,LomaVerde,74,422,720,SW,20.8,340.8,33,58,2.875,5,0,-9,3.1875,25,15,11
2023,LomaVerde,74,422,720,SW,20.8,263.65,47,87,-1.9375,5,7,5,3.1875,25,15,11
2022,LomaVerde,74,422,721,SW,20.8,340.8,3,67,2.875,5,0,-9,3.1875,25,15,11
2023,LomaVerde,74,422,721,SW,20.8,263.65,109,223,-1.9375,5,7,5,3.1875,25,15,11
2022,LomaVerde,74,422,722,SW,20.8,340.8,0,8,2.875,5,0,-9,3.1875,25,15,11
2023,LomaVerde,74,422,722,SW,20.8,263.65,20,19,-1.9375,5,7,5,3.1875,25,15,11
2022,LomaVerde,74,424,723,SW,21,340.8,16,27,1.4375,-7,-3,-13.5,1.0625,40,15,14
2023,LomaVerde,74,424,723,SW,21,263.65,46,136,1.5625,17,18,4.5,1.0625,40,15,14
2022,LomaVerde,74,424,724,SW,21,340.8,6,14,1.4375,-7,-3,-13.5,1.0625,40,15,14
2023,LomaVerde,74,424,724,SW,21,263.65,75,134,1.5625,17,18,4.5,1.0625,40,15,14
2022,LomaVerde,74,424,725,SW,21,340.8,3,11,1.4375,-7,-3,-13.5,1.0625,40,15,14
2023,LomaVerde,74,424,725,SW,21,263.65,36,87,1.5625,17,18,4.5,1.0625,40,15,14
2022,LomaVerde,74,424,726,SW,21,340.8,2,0,1.4375,-7,-3,-13.5,1.0625,40,15,14
2023,LomaVerde,74,424,726,SW,21,263.65,21,42,1.5625,17,18,4.5,1.0625,40,15,14
2022,LomaVerde,74,424,727,SW,21,340.8,-11,15,1.4375,-7,-3,-13.5,1.0625,40,15,14
2023,LomaVerde,74,424,727,SW,21,263.65,57,87,1.5625,17,18,4.5,1.0625,40,15,14
2022,LomaVerde,74,424,728,SW,21,340.8,2,15,1.4375,-7,-3,-13.5,1.0625,40,15,14
2023,LomaVerde,74,424,728,SW,21,263.65,79,133,1.5625,17,18,4.5,1.0625,40,15,14
2022,LomaVerde,74,424,729,SW,21,340.8,3,11,1.4375,-7,-3,-13.5,1.0625,40,15,14
2023,LomaVerde,74,424,729,SW,21,263.65,44,114,1.5625,17,18,4.5,1.0625,40,15,14
2022,LomaVerde,74,424,730,SW,21,340.8,-5,7,1.4375,-7,-3,-13.5,1.0625,40,15,14
2023,LomaVerde,74,424,730,SW,21,263.65,-2,-44,1.5625,17,18,4.5,1.0625,40,15,14
2022,LomaVerde,74,424,731,SW,21,340.8,19,90,1.4375,-7,-3,-13.5,1.0625,40,15,14
2023,LomaVerde,74,424,731,SW,21,263.65,56,79,1.5625,17,18,4.5,1.0625,40,15,14
2022,LomaVerde,74,424,732,SW,21,340.8,7,28,1.4375,-7,-3,-13.5,1.0625,40,15,14
2023,LomaVerde,74,424,732,SW,21,263.65,64,115,1.5625,17,18,4.5,1.0625,40,15,14
2022,LomaVerde,74,423,733,SW,16.2,340.8,99,139,1.5625,0,0,-26,1.125,25,15,27
2023,LomaVerde,74,423,733,SW,16.2,263.65,62,158,-1.375,10,15,3,1.125,25,15,27
2022,LomaVerde,74,423,735,SW,16.2,340.8,-6,37,1.5625,0,0,-26,1.125,25,15,27
2023,LomaVerde,74,423,735,SW,16.2,263.65,44,127,-1.375,10,15,3,1.125,25,15,27
2022,LomaVerde,74,423,736,SW,16.2,340.8,67,45,1.5625,0,0,-26,1.125,25,15,27
2023,LomaVerde,74,423,736,SW,16.2,263.65,-15,105,-1.375,10,15,3,1.125,25,15,27
2022,LomaVerde,74,423,737,SW,16.2,340.8,0,22,1.5625,0,0,-26,1.125,25,15,27
2023,LomaVerde,74,423,737,SW,16.2,263.65,20,48,-1.375,10,15,3,1.125,25,15,27
2022,LomaVerde,74,423,738,SW,16.2,340.8,0,-6,1.5625,0,0,-26,1.125,25,15,27
2023,LomaVerde,74,423,738,SW,16.2,263.65,46,77,-1.375,10,15,3,1.125,25,15,27
2022,LomaVerde,74,423,739,SW,16.2,340.8,-19,30,1.5625,0,0,-26,1.125,25,15,27
2023,LomaVerde,74,423,739,SW,16.2,263.65,80,108,-1.375,10,15,3,1.125,25,15,27
2022,LomaVerde,74,423,741,SW,16.2,340.8,-33,7,1.5625,0,0,-26,1.125,25,15,27
2023,LomaVerde,74,423,741,SW,16.2,263.65,40,112,-1.375,10,15,3,1.125,25,15,27
2022,LomaVerde,74,423,742,SW,16.2,340.8,-8,39,1.5625,0,0,-26,1.125,25,15,27
2023,LomaVerde,74,423,742,SW,16.2,263.65,18,10,-1.375,10,15,3,1.125,25,15,27
2022,LomaVerde,73,419,743,S,15,340.5,40,57,9.3125,10,-10,-3,2,25,20,5
2023,LomaVerde,73,419,743,S,15,272.1,21,66,-6.4375,-15,50,0,2,25,20,5
2022,LomaVerde,73,419,744,S,15,340.5,8,34,9.3125,10,-10,-3,2,25,20,5
2023,LomaVerde,73,419,744,S,15,272.1,34,66,-6.4375,-15,50,0,2,25,20,5
2022,LomaVerde,73,419,745,S,15,340.5,54,58,9.3125,10,-10,-3,2,25,20,5
2023,LomaVerde,73,419,745,S,15,272.1,-9,77,-6.4375,-15,50,0,2,25,20,5
2022,LomaVerde,73,419,746,S,15,340.5,6,49,9.3125,10,-10,-3,2,25,20,5
2023,LomaVerde,73,419,746,S,15,272.1,33,53,-6.4375,-15,50,0,2,25,20,5
2022,LomaVerde,73,419,747,S,15,340.5,-15,-37,9.3125,10,-10,-3,2,25,20,5
2023,LomaVerde,73,419,747,S,15,272.1,0,0,-6.4375,-15,50,0,2,25,20,5
2022,LomaVerde,73,419,748,S,15,340.5,-20,8,9.3125,10,-10,-3,2,25,20,5
2023,LomaVerde,73,419,748,S,15,272.1,35,60,-6.4375,-15,50,0,2,25,20,5
2022,LomaVerde,73,419,749,S,15,340.5,-4,-6,9.3125,10,-10,-3,2,25,20,5
2023,LomaVerde,73,419,749,S,15,272.1,13,25,-6.4375,-15,50,0,2,25,20,5
2022,LomaVerde,73,419,750,S,15,340.5,20,39,9.3125,10,-10,-3,2,25,20,5
2023,LomaVerde,73,419,750,S,15,272.1,32,62,-6.4375,-15,50,0,2,25,20,5
2022,LomaVerde,73,419,751,S,15,340.5,-3,19,9.3125,10,-10,-3,2,25,20,5
2023,LomaVerde,73,419,751,S,15,272.1,28,36,-6.4375,-15,50,0,2,25,20,5
2022,LomaVerde,73,419,752,S,15,340.5,-78,-118,9.3125,10,-10,-3,2,25,20,5
2023,LomaVerde,73,419,752,S,15,272.1,88,214,-6.4375,-15,50,0,2,25,20,5
2022,LomaVerde,73,421,754,S,22,340.5,3,5,10.3125,5,5,-15,1.375,15,35,22
2023,LomaVerde,73,421,754,S,22,272.1,20,42,-7.3125,15,-20,-7,1.375,15,35,22
2022,LomaVerde,73,421,755,S,22,340.5,-29,-33,10.3125,5,5,-15,1.375,15,35,22
2023,LomaVerde,73,421,755,S,22,272.1,24,26,-7.3125,15,-20,-7,1.375,15,35,22
2022,LomaVerde,73,421,756,S,22,340.5,37,29,10.3125,5,5,-15,1.375,15,35,22
2023,LomaVerde,73,421,756,S,22,272.1,-13,51,-7.3125,15,-20,-7,1.375,15,35,22
2022,LomaVerde,73,421,757,S,22,340.5,-3,-9,10.3125,5,5,-15,1.375,15,35,22
2023,LomaVerde,73,421,757,S,22,272.1,1,3,-7.3125,15,-20,-7,1.375,15,35,22
2022,LomaVerde,73,421,758,S,22,340.5,-19,-31,10.3125,5,5,-15,1.375,15,35,22
2023,LomaVerde,73,421,758,S,22,272.1,-4,-6,-7.3125,15,-20,-7,1.375,15,35,22
2022,LomaVerde,73,421,759,S,22,340.5,-65,-58,10.3125,5,5,-15,1.375,15,35,22
2023,LomaVerde,73,421,759,S,22,272.1,11,20,-7.3125,15,-20,-7,1.375,15,35,22
2022,LomaVerde,73,421,760,S,22,340.5,18,30,10.3125,5,5,-15,1.375,15,35,22
2023,LomaVerde,73,421,760,S,22,272.1,25,112,-7.3125,15,-20,-7,1.375,15,35,22
2022,LomaVerde,73,421,761,S,22,340.5,-21,-10,10.3125,5,5,-15,1.375,15,35,22
2023,LomaVerde,73,421,761,S,22,272.1,37,46,-7.3125,15,-20,-7,1.375,15,35,22
2022,LomaVerde,73,420,763,S,17.6,340.5,84,16,24.3125,5,4,-11,3.75,40,4,18
2023,LomaVerde,73,420,763,S,17.6,272.1,-9,147,-18.875,-10,2,-6,3.75,40,4,18
2022,LomaVerde,73,420,764,S,17.6,340.5,-4,-40,24.3125,5,4,-11,3.75,40,4,18
2023,LomaVerde,73,420,764,S,17.6,272.1,-1,3,-18.875,-10,2,-6,3.75,40,4,18
2022,LomaVerde,73,420,765,S,17.6,340.5,13,-22,24.3125,5,4,-11,3.75,40,4,18
2023,LomaVerde,73,420,765,S,17.6,272.1,-8,21,-18.875,-10,2,-6,3.75,40,4,18
2022,LomaVerde,73,420,766,S,17.6,340.5,-39,-64,24.3125,5,4,-11,3.75,40,4,18
2023,LomaVerde,73,420,766,S,17.6,272.1,-7,-6,-18.875,-10,2,-6,3.75,40,4,18
2022,LomaVerde,73,420,767,S,17.6,340.5,18,44,24.3125,5,4,-11,3.75,40,4,18
2023,LomaVerde,73,420,767,S,17.6,272.1,10,47,-18.875,-10,2,-6,3.75,40,4,18
2022,LomaVerde,73,420,768,S,17.6,340.5,1,-4,24.3125,5,4,-11,3.75,40,4,18
2023,LomaVerde,73,420,768,S,17.6,272.1,1,17,-18.875,-10,2,-6,3.75,40,4,18
2022,LomaVerde,73,420,769,S,17.6,340.5,-36,-51,24.3125,5,4,-11,3.75,40,4,18
2023,LomaVerde,73,420,769,S,17.6,272.1,0,16,-18.875,-10,2,-6,3.75,40,4,18
2022,LomaVerde,73,420,770,S,17.6,340.5,-24,-51,24.3125,5,4,-11,3.75,40,4,18
2023,LomaVerde,73,420,770,S,17.6,272.1,0,6,-18.875,-10,2,-6,3.75,40,4,18
2022,LomaVerde,73,420,771,S,17.6,340.5,-1,-7,24.3125,5,4,-11,3.75,40,4,18
2023,LomaVerde,73,420,771,S,17.6,272.1,-6,40,-18.875,-10,2,-6,3.75,40,4,18
2022,LomaVerde,73,420,772,S,17.6,340.5,-5,-13,24.3125,5,4,-11,3.75,40,4,18
2023,LomaVerde,73,420,772,S,17.6,272.1,2,3,-18.875,-10,2,-6,3.75,40,4,18
2022,ApachePeak,79,425,773,W,26.2,266.05,18,40,1.625,20,-1,-5,4.3125,45,4,9
2023,ApachePeak,79,425,773,W,26.2,237.77,86,120,-3.5625,-15,9,-4,4.3125,45,4,9
2023,ApachePeak,79,425,774,W,26.2,237.77,0,0,-3.5625,-15,9,-4,NA,NA,NA,NA
2022,ApachePeak,79,425,775,W,26.2,266.05,10,5,1.625,20,-1,-5,4.3125,45,4,9
2023,ApachePeak,79,425,775,W,26.2,237.77,27,63,-3.5625,-15,9,-4,4.3125,45,4,9
2022,ApachePeak,79,425,776,W,26.2,266.05,29,67,1.625,20,-1,-5,4.3125,45,4,9
2023,ApachePeak,79,425,776,W,26.2,237.77,50,117,-3.5625,-15,9,-4,4.3125,45,4,9
2022,ApachePeak,79,425,777,W,26.2,266.05,21,50,1.625,20,-1,-5,4.3125,45,4,9
2023,ApachePeak,79,425,777,W,26.2,237.77,38,65,-3.5625,-15,9,-4,4.3125,45,4,9
2022,ApachePeak,79,425,778,W,26.2,266.05,16,38,1.625,20,-1,-5,4.3125,45,4,9
2023,ApachePeak,79,425,778,W,26.2,237.77,32,82,-3.5625,-15,9,-4,4.3125,45,4,9
2022,ApachePeak,79,425,779,W,26.2,266.05,47,72,1.625,20,-1,-5,4.3125,45,4,9
2023,ApachePeak,79,425,779,W,26.2,237.77,77,201,-3.5625,-15,9,-4,4.3125,45,4,9
2022,ApachePeak,79,425,780,W,26.2,266.05,8,19,1.625,20,-1,-5,4.3125,45,4,9
2023,ApachePeak,79,425,780,W,26.2,237.77,21,54,-3.5625,-15,9,-4,4.3125,45,4,9
2022,ApachePeak,79,425,781,W,26.2,266.05,41,3,1.625,20,-1,-5,4.3125,45,4,9
2023,ApachePeak,79,425,781,W,26.2,237.77,22,57,-3.5625,-15,9,-4,4.3125,45,4,9
2022,ApachePeak,79,425,782,W,26.2,266.05,23,27,1.625,20,-1,-5,4.3125,45,4,9
2023,ApachePeak,79,425,782,W,26.2,237.77,54,124,-3.5625,-15,9,-4,4.3125,45,4,9
2022,ApachePeak,79,427,783,W,18.6,266.05,24,20,1.5625,10,-2,1.5,5.3125,40,10,0.5
2023,ApachePeak,79,427,783,W,18.6,237.77,28,47,-4.0625,-10,7,-2,5.3125,40,10,0.5
2022,ApachePeak,79,427,784,W,18.6,266.05,47,37,1.5625,10,-2,1.5,5.3125,40,10,0.5
2023,ApachePeak,79,427,784,W,18.6,237.77,32,106,-4.0625,-10,7,-2,5.3125,40,10,0.5
2022,ApachePeak,79,427,785,W,18.6,266.05,-28,-91,1.5625,10,-2,1.5,5.3125,40,10,0.5
2023,ApachePeak,79,427,785,W,18.6,237.77,0,0,-4.0625,-10,7,-2,5.3125,40,10,0.5
2022,ApachePeak,79,427,786,W,18.6,266.05,24,46,1.5625,10,-2,1.5,5.3125,40,10,0.5
2023,ApachePeak,79,427,786,W,18.6,237.77,46,91,-4.0625,-10,7,-2,5.3125,40,10,0.5
2022,ApachePeak,79,427,787,W,18.6,266.05,31,21,1.5625,10,-2,1.5,5.3125,40,10,0.5
2023,ApachePeak,79,427,787,W,18.6,237.77,41,111,-4.0625,-10,7,-2,5.3125,40,10,0.5
2022,ApachePeak,79,427,788,W,18.6,266.05,14,14,1.5625,10,-2,1.5,5.3125,40,10,0.5
2023,ApachePeak,79,427,788,W,18.6,237.77,2,19,-4.0625,-10,7,-2,5.3125,40,10,0.5
2022,ApachePeak,79,427,789,W,18.6,266.05,20,41,1.5625,10,-2,1.5,5.3125,40,10,0.5
2023,ApachePeak,79,427,789,W,18.6,237.77,50,100,-4.0625,-10,7,-2,5.3125,40,10,0.5
2022,ApachePeak,79,427,790,W,18.6,266.05,25,23,1.5625,10,-2,1.5,5.3125,40,10,0.5
2023,ApachePeak,79,427,790,W,18.6,237.77,20,80,-4.0625,-10,7,-2,5.3125,40,10,0.5
2022,ApachePeak,79,427,791,W,18.6,266.05,13,23,1.5625,10,-2,1.5,5.3125,40,10,0.5
2023,ApachePeak,79,427,791,W,18.6,237.77,41,91,-4.0625,-10,7,-2,5.3125,40,10,0.5
2022,ApachePeak,79,427,792,W,18.6,266.05,22,29,1.5625,10,-2,1.5,5.3125,40,10,0.5
2023,ApachePeak,79,427,792,W,18.6,237.77,24,55,-4.0625,-10,7,-2,5.3125,40,10,0.5
2022,ApachePeak,79,426,793,W,20,266.05,28,30,1.625,30,3,-4,3.625,50,7,5
2023,ApachePeak,79,426,793,W,20,237.77,95,162,-2.75,-35,25,-1,3.625,50,7,5
2022,ApachePeak,79,426,794,W,20,266.05,22,45,1.625,30,3,-4,3.625,50,7,5
2023,ApachePeak,79,426,794,W,20,237.77,49,87,-2.75,-35,25,-1,3.625,50,7,5
2022,ApachePeak,79,426,795,W,20,266.05,22,26,1.625,30,3,-4,3.625,50,7,5
2023,ApachePeak,79,426,795,W,20,237.77,38,73,-2.75,-35,25,-1,3.625,50,7,5
2022,ApachePeak,79,426,796,W,20,266.05,26,0,1.625,30,3,-4,3.625,50,7,5
2023,ApachePeak,79,426,796,W,20,237.77,24,63,-2.75,-35,25,-1,3.625,50,7,5
2022,ApachePeak,79,426,797,W,20,266.05,40,63,1.625,30,3,-4,3.625,50,7,5
2023,ApachePeak,79,426,797,W,20,237.77,34,158,-2.75,-35,25,-1,3.625,50,7,5
2022,ApachePeak,79,426,798,W,20,266.05,9,35,1.625,30,3,-4,3.625,50,7,5
2023,ApachePeak,79,426,798,W,20,237.77,26,49,-2.75,-35,25,-1,3.625,50,7,5
2022,ApachePeak,79,426,799,W,20,266.05,50,70,1.625,30,3,-4,3.625,50,7,5
2023,ApachePeak,79,426,799,W,20,237.77,52,124,-2.75,-35,25,-1,3.625,50,7,5
2022,ApachePeak,79,426,800,W,20,266.05,9,10,1.625,30,3,-4,3.625,50,7,5
2023,ApachePeak,79,426,800,W,20,237.77,8,23,-2.75,-35,25,-1,3.625,50,7,5
2022,ApachePeak,79,426,801,W,20,266.05,0,-2,1.625,30,3,-4,3.625,50,7,5
2023,ApachePeak,79,426,801,W,20,237.77,0,0,-2.75,-35,25,-1,3.625,50,7,5
2022,ApachePeak,79,426,802,W,20,266.05,19,22,1.625,30,3,-4,3.625,50,7,5
2023,ApachePeak,79,426,802,W,20,237.77,-23,-51,-2.75,-35,25,-1,3.625,50,7,5
2022,ApachePeak,85,441,803,E,17,265.12,-11,-39,1,25,-7,3,3.5,65,10,2
2023,ApachePeak,85,441,803,E,17,239.64,0,0,-2.3125,-20,15,-5,3.5,65,10,2
2022,ApachePeak,85,441,804,E,17,265.12,107,80,1,25,-7,3,3.5,65,10,2
2023,ApachePeak,85,441,804,E,17,239.64,-3,152,-2.3125,-20,15,-5,3.5,65,10,2
2022,ApachePeak,85,441,805,E,17,265.12,52,56,1,25,-7,3,3.5,65,10,2
2023,ApachePeak,85,441,805,E,17,239.64,-9,44,-2.3125,-20,15,-5,3.5,65,10,2
2022,ApachePeak,85,441,806,E,17,265.12,65,34,1,25,-7,3,3.5,65,10,2
2023,ApachePeak,85,441,806,E,17,239.64,18,156,-2.3125,-20,15,-5,3.5,65,10,2
2022,ApachePeak,85,441,807,E,17,265.12,19,-2,1,25,-7,3,3.5,65,10,2
2023,ApachePeak,85,441,807,E,17,239.64,6,57,-2.3125,-20,15,-5,3.5,65,10,2
2022,ApachePeak,85,441,808,E,17,265.12,69,37,1,25,-7,3,3.5,65,10,2
2023,ApachePeak,85,441,808,E,17,239.64,-24,58,-2.3125,-20,15,-5,3.5,65,10,2
2022,ApachePeak,85,441,809,E,17,265.12,27,-6,1,25,-7,3,3.5,65,10,2
2023,ApachePeak,85,441,809,E,17,239.64,77,211,-2.3125,-20,15,-5,3.5,65,10,2
2022,ApachePeak,85,441,810,E,17,265.12,41,9,1,25,-7,3,3.5,65,10,2
2023,ApachePeak,85,441,810,E,17,239.64,-1,109,-2.3125,-20,15,-5,3.5,65,10,2
2022,ApachePeak,85,441,811,E,17,265.12,6,4,1,25,-7,3,3.5,65,10,2
2023,ApachePeak,85,441,811,E,17,239.64,4,14,-2.3125,-20,15,-5,3.5,65,10,2
2022,ApachePeak,85,441,812,E,17,265.12,22,2,1,25,-7,3,3.5,65,10,2
2023,ApachePeak,85,441,812,E,17,239.64,3,38,-2.3125,-20,15,-5,3.5,65,10,2
2022,ApachePeak,85,440,813,E,20,265.35,12,11,-1.6875,30,-6,3,6.0625,25,10,3
2023,ApachePeak,85,440,813,E,20,239.64,8,36,-0.875,5,6,-1,6.0625,25,10,3
2022,ApachePeak,85,440,814,E,20,265.35,33,24,-1.6875,30,-6,3,6.0625,25,10,3
2023,ApachePeak,85,440,814,E,20,239.64,19,99,-0.875,5,6,-1,6.0625,25,10,3
2022,ApachePeak,85,440,815,E,20,265.35,-2,-10,-1.6875,30,-6,3,6.0625,25,10,3
2023,ApachePeak,85,440,815,E,20,239.64,0,0,-0.875,5,6,-1,6.0625,25,10,3
2022,ApachePeak,85,440,816,E,20,265.35,8,14,-1.6875,30,-6,3,6.0625,25,10,3
2023,ApachePeak,85,440,816,E,20,239.64,16,40,-0.875,5,6,-1,6.0625,25,10,3
2022,ApachePeak,85,440,817,E,20,265.35,16,9,-1.6875,30,-6,3,6.0625,25,10,3
2023,ApachePeak,85,440,817,E,20,239.64,1,35,-0.875,5,6,-1,6.0625,25,10,3
2022,ApachePeak,85,440,818,E,20,265.35,23,-6,-1.6875,30,-6,3,6.0625,25,10,3
2023,ApachePeak,85,440,818,E,20,239.64,30,93,-0.875,5,6,-1,6.0625,25,10,3
2022,ApachePeak,85,440,819,E,20,265.35,1,-8,-1.6875,30,-6,3,6.0625,25,10,3
2023,ApachePeak,85,440,819,E,20,239.64,1,3,-0.875,5,6,-1,6.0625,25,10,3
2022,ApachePeak,85,440,820,E,20,265.35,4,-1,-1.6875,30,-6,3,6.0625,25,10,3
2023,ApachePeak,85,440,820,E,20,239.64,34,88,-0.875,5,6,-1,6.0625,25,10,3
2022,ApachePeak,85,440,821,E,20,265.35,18,7,-1.6875,30,-6,3,6.0625,25,10,3
2023,ApachePeak,85,440,821,E,20,239.64,-1,34,-0.875,5,6,-1,6.0625,25,10,3
2022,ApachePeak,85,440,822,E,20,265.35,0,-6,-1.6875,30,-6,3,6.0625,25,10,3
2023,ApachePeak,85,440,822,E,20,239.64,0,0,-0.875,5,6,-1,6.0625,25,10,3
2022,ApachePeak,85,439,823,E,20.6,265.35,50,-10,-0.75,10,2,1,4.4375,70,13,0
2023,ApachePeak,85,439,823,E,20.6,239.64,35,182,-0.125,-35,10,-1,4.4375,70,13,0
2022,ApachePeak,85,439,824,E,20.6,265.35,43,-25,-0.75,10,2,1,4.4375,70,13,0
2023,ApachePeak,85,439,824,E,20.6,239.64,5,109,-0.125,-35,10,-1,4.4375,70,13,0
2022,ApachePeak,85,439,825,E,20.6,265.35,-8,-31,-0.75,10,2,1,4.4375,70,13,0
2023,ApachePeak,85,439,825,E,20.6,239.64,30,74,-0.125,-35,10,-1,4.4375,70,13,0
2022,ApachePeak,85,439,826,E,20.6,265.35,43,1,-0.75,10,2,1,4.4375,70,13,0
2023,ApachePeak,85,439,826,E,20.6,239.64,4,69,-0.125,-35,10,-1,4.4375,70,13,0
2022,ApachePeak,85,439,827,E,20.6,265.35,60,-23,-0.75,10,2,1,4.4375,70,13,0
2023,ApachePeak,85,439,827,E,20.6,239.64,10,91,-0.125,-35,10,-1,4.4375,70,13,0
2022,ApachePeak,85,439,828,E,20.6,265.35,-6,-35,-0.75,10,2,1,4.4375,70,13,0
2023,ApachePeak,85,439,828,E,20.6,239.64,0,0,-0.125,-35,10,-1,4.4375,70,13,0
2022,ApachePeak,85,439,829,E,20.6,265.35,-29,-83,-0.75,10,2,1,4.4375,70,13,0
2023,ApachePeak,85,439,829,E,20.6,239.64,2,6,-0.125,-35,10,-1,4.4375,70,13,0
2022,ApachePeak,85,439,830,E,20.6,265.35,19,9,-0.75,10,2,1,4.4375,70,13,0
2023,ApachePeak,85,439,830,E,20.6,239.64,23,64,-0.125,-35,10,-1,4.4375,70,13,0
2022,ApachePeak,85,439,831,E,20.6,265.35,-1,-6,-0.75,10,2,1,4.4375,70,13,0
2023,ApachePeak,85,439,831,E,20.6,239.64,2,0,-0.125,-35,10,-1,4.4375,70,13,0
2022,ApachePeak,85,439,832,E,20.6,265.35,5,-47,-0.75,10,2,1,4.4375,70,13,0
2023,ApachePeak,85,439,832,E,20.6,239.64,10,70,-0.125,-35,10,-1,4.4375,70,13,0
2022,ApachePeak,83,435,833,W,20.8,263.85,0,-5,3.4375,5,-5,22.5,6.6875,25,22,8
2023,ApachePeak,83,435,833,W,20.8,238.46,15,37,-8,-7,1,-30,6.6875,25,22,8
2022,ApachePeak,83,435,834,W,20.8,263.85,24,26,3.4375,5,-5,22.5,6.6875,25,22,8
2023,ApachePeak,83,435,834,W,20.8,238.46,-3,26,-8,-7,1,-30,6.6875,25,22,8
2022,ApachePeak,83,435,835,W,20.8,263.85,-6,36,3.4375,5,-5,22.5,6.6875,25,22,8
2023,ApachePeak,83,435,835,W,20.8,238.46,22,58,-8,-7,1,-30,6.6875,25,22,8
2022,ApachePeak,83,435,836,W,20.8,263.85,15,18,3.4375,5,-5,22.5,6.6875,25,22,8
2023,ApachePeak,83,435,836,W,20.8,238.46,21,88,-8,-7,1,-30,6.6875,25,22,8
2022,ApachePeak,83,435,837,W,20.8,263.85,22,35,3.4375,5,-5,22.5,6.6875,25,22,8
2023,ApachePeak,83,435,837,W,20.8,238.46,28,55,-8,-7,1,-30,6.6875,25,22,8
2022,ApachePeak,83,435,838,W,20.8,263.85,0,-2,3.4375,5,-5,22.5,6.6875,25,22,8
2023,ApachePeak,83,435,838,W,20.8,238.46,11,41,-8,-7,1,-30,6.6875,25,22,8
2022,ApachePeak,83,435,839,W,20.8,263.85,62,72,3.4375,5,-5,22.5,6.6875,25,22,8
2023,ApachePeak,83,435,839,W,20.8,238.46,14,114,-8,-7,1,-30,6.6875,25,22,8
2022,ApachePeak,83,435,840,W,20.8,263.85,-1,8,3.4375,5,-5,22.5,6.6875,25,22,8
2023,ApachePeak,83,435,840,W,20.8,238.46,10,45,-8,-7,1,-30,6.6875,25,22,8
2022,ApachePeak,83,435,841,W,20.8,263.85,22,16,3.4375,5,-5,22.5,6.6875,25,22,8
2023,ApachePeak,83,435,841,W,20.8,238.46,18,40,-8,-7,1,-30,6.6875,25,22,8
2022,ApachePeak,83,435,842,W,20.8,263.85,25,29,3.4375,5,-5,22.5,6.6875,25,22,8
2023,ApachePeak,83,435,842,W,20.8,238.46,8,69,-8,-7,1,-30,6.6875,25,22,8
2022,ApachePeak,83,434,843,W,21.2,263.85,10,24,3.375,-3,-7,23,5.75,20,15,12
2023,ApachePeak,83,434,843,W,21.2,238.46,16,45,-6.0625,8,17,-28,5.75,20,15,12
2022,ApachePeak,83,434,844,W,21.2,263.85,17,32,3.375,-3,-7,23,5.75,20,15,12
2023,ApachePeak,83,434,844,W,21.2,238.46,7,29,-6.0625,8,17,-28,5.75,20,15,12
2022,ApachePeak,83,434,845,W,21.2,263.85,-2,-7,3.375,-3,-7,23,5.75,20,15,12
2023,ApachePeak,83,434,845,W,21.2,238.46,1,2,-6.0625,8,17,-28,5.75,20,15,12
2022,ApachePeak,83,434,846,W,21.2,263.85,-1,-7,3.375,-3,-7,23,5.75,20,15,12
2023,ApachePeak,83,434,846,W,21.2,238.46,0,-3,-6.0625,8,17,-28,5.75,20,15,12
2022,ApachePeak,83,434,847,W,21.2,263.85,20,18,3.375,-3,-7,23,5.75,20,15,12
2023,ApachePeak,83,434,847,W,21.2,238.46,7,33,-6.0625,8,17,-28,5.75,20,15,12
2022,ApachePeak,83,434,848,W,21.2,263.85,20,18,3.375,-3,-7,23,5.75,20,15,12
2023,ApachePeak,83,434,848,W,21.2,238.46,20,80,-6.0625,8,17,-28,5.75,20,15,12
2022,ApachePeak,83,434,849,W,21.2,263.85,3,13,3.375,-3,-7,23,5.75,20,15,12
2023,ApachePeak,83,434,849,W,21.2,238.46,21,49,-6.0625,8,17,-28,5.75,20,15,12
2022,ApachePeak,83,434,850,W,21.2,263.85,18,31,3.375,-3,-7,23,5.75,20,15,12
2023,ApachePeak,83,434,850,W,21.2,238.46,23,80,-6.0625,8,17,-28,5.75,20,15,12
2022,ApachePeak,83,434,851,W,21.2,263.85,-6,-19,3.375,-3,-7,23,5.75,20,15,12
2023,ApachePeak,83,434,851,W,21.2,238.46,6,16,-6.0625,8,17,-28,5.75,20,15,12
2022,ApachePeak,83,434,852,W,21.2,263.85,11,25,3.375,-3,-7,23,5.75,20,15,12
2023,ApachePeak,83,434,852,W,21.2,238.46,21,48,-6.0625,8,17,-28,5.75,20,15,12
2022,ApachePeak,83,433,853,W,20.8,263.85,6,24,1.875,18,-6,4,5.25,22,10,7
2023,ApachePeak,83,433,853,W,20.8,238.46,22,47,-4.625,-15,6,-10,5.25,22,10,7
2022,ApachePeak,83,433,854,W,20.8,263.85,-2,-11,1.875,18,-6,4,5.25,22,10,7
2023,ApachePeak,83,433,854,W,20.8,238.46,29,95,-4.625,-15,6,-10,5.25,22,10,7
2022,ApachePeak,83,433,855,W,20.8,263.85,5,6,1.875,18,-6,4,5.25,22,10,7
2023,ApachePeak,83,433,855,W,20.8,238.46,10,34,-4.625,-15,6,-10,5.25,22,10,7
2022,ApachePeak,83,433,856,W,20.8,263.85,27,32,1.875,18,-6,4,5.25,22,10,7
2023,ApachePeak,83,433,856,W,20.8,238.46,7,57,-4.625,-15,6,-10,5.25,22,10,7
2022,ApachePeak,83,433,857,W,20.8,263.85,3,20,1.875,18,-6,4,5.25,22,10,7
2023,ApachePeak,83,433,857,W,20.8,238.46,12,29,-4.625,-15,6,-10,5.25,22,10,7
2022,ApachePeak,83,433,858,W,20.8,263.85,-5,0,1.875,18,-6,4,5.25,22,10,7
2023,ApachePeak,83,433,858,W,20.8,238.46,38,143,-4.625,-15,6,-10,5.25,22,10,7
2022,ApachePeak,83,433,859,W,20.8,263.85,0,-8,1.875,18,-6,4,5.25,22,10,7
2023,ApachePeak,83,433,859,W,20.8,238.46,3,21,-4.625,-15,6,-10,5.25,22,10,7
2022,ApachePeak,83,433,860,W,20.8,263.85,18,-6,1.875,18,-6,4,5.25,22,10,7
2023,ApachePeak,83,433,860,W,20.8,238.46,12,70,-4.625,-15,6,-10,5.25,22,10,7
2022,ApachePeak,83,433,861,W,20.8,263.85,39,31,1.875,18,-6,4,5.25,22,10,7
2023,ApachePeak,83,433,861,W,20.8,238.46,19,137,-4.625,-15,6,-10,5.25,22,10,7
2022,ApachePeak,83,433,862,W,20.8,263.85,8,5,1.875,18,-6,4,5.25,22,10,7
2023,ApachePeak,83,433,862,W,20.8,238.46,5,30,-4.625,-15,6,-10,5.25,22,10,7
2022,ApachePeak,82,431,863,E,8.8,265.65,11,18,-1,9,-8,8,6.75,18,18,6
2023,ApachePeak,82,431,863,E,8.8,238.71,11,61,-2.875,-5,-2,-12,6.75,18,18,6
2022,ApachePeak,82,431,864,E,8.8,265.65,14,7,-1,9,-8,8,6.75,18,18,6
2023,ApachePeak,82,431,864,E,8.8,238.71,11,44,-2.875,-5,-2,-12,6.75,18,18,6
2022,ApachePeak,82,431,865,E,8.8,265.65,16,0,-1,9,-8,8,6.75,18,18,6
2023,ApachePeak,82,431,865,E,8.8,238.71,-9,45,-2.875,-5,-2,-12,6.75,18,18,6
2022,ApachePeak,82,431,866,E,8.8,265.65,22,20,-1,9,-8,8,6.75,18,18,6
2023,ApachePeak,82,431,866,E,8.8,238.71,3,41,-2.875,-5,-2,-12,6.75,18,18,6
2022,ApachePeak,82,431,867,E,8.8,265.65,21,36,-1,9,-8,8,6.75,18,18,6
2023,ApachePeak,82,431,867,E,8.8,238.71,6,36,-2.875,-5,-2,-12,6.75,18,18,6
2022,ApachePeak,82,431,868,E,8.8,265.65,37,36,-1,9,-8,8,6.75,18,18,6
2023,ApachePeak,82,431,868,E,8.8,238.71,10,60,-2.875,-5,-2,-12,6.75,18,18,6
2022,ApachePeak,82,431,869,E,8.8,265.65,20,30,-1,9,-8,8,6.75,18,18,6
2023,ApachePeak,82,431,869,E,8.8,238.71,4,60,-2.875,-5,-2,-12,6.75,18,18,6
2022,ApachePeak,82,431,870,E,8.8,265.65,14,-2,-1,9,-8,8,6.75,18,18,6
2023,ApachePeak,82,431,870,E,8.8,238.71,18,69,-2.875,-5,-2,-12,6.75,18,18,6
2022,ApachePeak,82,431,871,E,8.8,265.65,28,21,-1,9,-8,8,6.75,18,18,6
2023,ApachePeak,82,431,871,E,8.8,238.71,-1,52,-2.875,-5,-2,-12,6.75,18,18,6
2022,ApachePeak,82,431,872,E,8.8,265.65,3,2,-1,9,-8,8,6.75,18,18,6
2023,ApachePeak,82,431,872,E,8.8,238.71,-1,-1,-2.875,-5,-2,-12,6.75,18,18,6
2022,ApachePeak,82,432,873,E,9.4,265.65,22,27,-4.625,-6,-10,4,6.75,18,18,6
2023,ApachePeak,82,432,873,E,9.4,238.71,3,35,-0.625,3,17,-9.5,6.75,18,18,6
2022,ApachePeak,82,432,875,E,9.4,265.65,14,13,-4.625,-6,-10,4,6.75,18,18,6
2023,ApachePeak,82,432,875,E,9.4,238.71,-3,8,-0.625,3,17,-9.5,6.75,18,18,6
2022,ApachePeak,82,432,879,E,9.4,265.65,24,26,-4.625,-6,-10,4,6.75,18,18,6
2023,ApachePeak,82,432,879,E,9.4,238.71,-3,36,-0.625,3,17,-9.5,6.75,18,18,6
2022,ApachePeak,82,432,880,E,9.4,265.65,24,36,-4.625,-6,-10,4,6.75,18,18,6
2023,ApachePeak,82,432,880,E,9.4,238.71,8,47,-0.625,3,17,-9.5,6.75,18,18,6
2022,ApachePeak,82,432,881,E,9.4,265.65,14,13,-4.625,-6,-10,4,6.75,18,18,6
2023,ApachePeak,82,432,881,E,9.4,238.71,2,38,-0.625,3,17,-9.5,6.75,18,18,6
2022,ApachePeak,82,432,882,E,9.4,265.65,46,31,-4.625,-6,-10,4,6.75,18,18,6
2023,ApachePeak,82,432,882,E,9.4,238.71,-3,65,-0.625,3,17,-9.5,6.75,18,18,6
2022,ApachePeak,84,436,893,S,25.8,263.63,25,38,0.4375,15,-3,2,3.1875,10,8,10
2023,ApachePeak,84,436,893,S,25.8,238.8,15,67,-2.25,20,8,-7,3.1875,10,8,10
2022,ApachePeak,84,436,894,S,25.8,263.63,32,27,0.4375,15,-3,2,3.1875,10,8,10
2023,ApachePeak,84,436,894,S,25.8,238.8,-1,71,-2.25,20,8,-7,3.1875,10,8,10
2022,ApachePeak,84,436,895,S,25.8,263.63,45,76,0.4375,15,-3,2,3.1875,10,8,10
2023,ApachePeak,84,436,895,S,25.8,238.8,16,74,-2.25,20,8,-7,3.1875,10,8,10
2022,ApachePeak,84,436,896,S,25.8,263.63,22,29,0.4375,15,-3,2,3.1875,10,8,10
2023,ApachePeak,84,436,896,S,25.8,238.8,15,65,-2.25,20,8,-7,3.1875,10,8,10
2022,ApachePeak,84,436,897,S,25.8,263.63,6,10,0.4375,15,-3,2,3.1875,10,8,10
2023,ApachePeak,84,436,897,S,25.8,238.8,2,19,-2.25,20,8,-7,3.1875,10,8,10
2022,ApachePeak,84,436,898,S,25.8,263.63,28,44,0.4375,15,-3,2,3.1875,10,8,10
2023,ApachePeak,84,436,898,S,25.8,238.8,19,64,-2.25,20,8,-7,3.1875,10,8,10
2022,ApachePeak,84,436,899,S,25.8,263.63,51,120,0.4375,15,-3,2,3.1875,10,8,10
2023,ApachePeak,84,436,899,S,25.8,238.8,65,136,-2.25,20,8,-7,3.1875,10,8,10
2022,ApachePeak,84,436,900,S,25.8,263.63,-17,-24,0.4375,15,-3,2,3.1875,10,8,10
2023,ApachePeak,84,436,900,S,25.8,238.8,39,108,-2.25,20,8,-7,3.1875,10,8,10
2022,ApachePeak,84,436,901,S,25.8,263.63,13,45,0.4375,15,-3,2,3.1875,10,8,10
2023,ApachePeak,84,436,901,S,25.8,238.8,26,64,-2.25,20,8,-7,3.1875,10,8,10
2022,ApachePeak,84,436,902,S,25.8,263.63,43,50,0.4375,15,-3,2,3.1875,10,8,10
2023,ApachePeak,84,436,902,S,25.8,238.8,35,143,-2.25,20,8,-7,3.1875,10,8,10
2022,ApachePeak,84,438,903,S,22.6,263.63,11,22,0.1875,8,-7,0.5,7.5,25,18,3.5
2023,ApachePeak,84,438,903,S,22.6,238.8,35,96,-4.625,17,9,-2,7.5,25,18,3.5
2022,ApachePeak,84,438,904,S,22.6,263.63,12,63,0.1875,8,-7,0.5,7.5,25,18,3.5
2023,ApachePeak,84,438,904,S,22.6,238.8,27,25,-4.625,17,9,-2,7.5,25,18,3.5
2022,ApachePeak,84,438,905,S,22.6,263.63,-5,27,0.1875,8,-7,0.5,7.5,25,18,3.5
2023,ApachePeak,84,438,905,S,22.6,238.8,43,62,-4.625,17,9,-2,7.5,25,18,3.5
2022,ApachePeak,84,438,906,S,22.6,263.63,8,36,0.1875,8,-7,0.5,7.5,25,18,3.5
2023,ApachePeak,84,438,906,S,22.6,238.8,19,16,-4.625,17,9,-2,7.5,25,18,3.5
2022,ApachePeak,84,438,907,S,22.6,263.63,24,63,0.1875,8,-7,0.5,7.5,25,18,3.5
2023,ApachePeak,84,438,907,S,22.6,238.8,32,94,-4.625,17,9,-2,7.5,25,18,3.5
2022,ApachePeak,84,438,908,S,22.6,263.63,4,13,0.1875,8,-7,0.5,7.5,25,18,3.5
2023,ApachePeak,84,438,908,S,22.6,238.8,27,56,-4.625,17,9,-2,7.5,25,18,3.5
2022,ApachePeak,84,438,909,S,22.6,263.63,-1,10,0.1875,8,-7,0.5,7.5,25,18,3.5
2023,ApachePeak,84,438,909,S,22.6,238.8,27,43,-4.625,17,9,-2,7.5,25,18,3.5
2022,ApachePeak,84,438,910,S,22.6,263.63,41,70,0.1875,8,-7,0.5,7.5,25,18,3.5
2023,ApachePeak,84,438,910,S,22.6,238.8,9,58,-4.625,17,9,-2,7.5,25,18,3.5
2022,ApachePeak,84,438,911,S,22.6,263.63,23,53,0.1875,8,-7,0.5,7.5,25,18,3.5
2023,ApachePeak,84,438,911,S,22.6,238.8,5,30,-4.625,17,9,-2,7.5,25,18,3.5
2022,ApachePeak,84,438,912,S,22.6,263.63,22,41,0.1875,8,-7,0.5,7.5,25,18,3.5
2023,ApachePeak,84,438,912,S,22.6,238.8,33,86,-4.625,17,9,-2,7.5,25,18,3.5
2022,ApachePeak,84,437,913,S,23.4,263.63,18,49,0.0625,13,-4,-4.5,4.8125,25,18,9
2023,ApachePeak,84,437,913,S,23.4,238.8,40,78,-2.0625,2,21,-2.5,4.8125,25,18,9
2022,ApachePeak,84,437,914,S,23.4,263.63,26,31,0.0625,13,-4,-4.5,4.8125,25,18,9
2023,ApachePeak,84,437,914,S,23.4,238.8,19,83,-2.0625,2,21,-2.5,4.8125,25,18,9
2022,ApachePeak,84,437,915,S,23.4,263.63,7,31,0.0625,13,-4,-4.5,4.8125,25,18,9
2023,ApachePeak,84,437,915,S,23.4,238.8,25,63,-2.0625,2,21,-2.5,4.8125,25,18,9
2022,ApachePeak,84,437,916,S,23.4,263.63,40,20,0.0625,13,-4,-4.5,4.8125,25,18,9
2023,ApachePeak,84,437,916,S,23.4,238.8,15,106,-2.0625,2,21,-2.5,4.8125,25,18,9
2022,ApachePeak,84,437,917,S,23.4,263.63,1,10,0.0625,13,-4,-4.5,4.8125,25,18,9
2023,ApachePeak,84,437,917,S,23.4,238.8,15,21,-2.0625,2,21,-2.5,4.8125,25,18,9
2022,ApachePeak,84,437,918,S,23.4,263.63,28,7,0.0625,13,-4,-4.5,4.8125,25,18,9
2023,ApachePeak,84,437,918,S,23.4,238.8,17,73,-2.0625,2,21,-2.5,4.8125,25,18,9
2022,ApachePeak,84,437,919,S,23.4,263.63,2,7,0.0625,13,-4,-4.5,4.8125,25,18,9
2023,ApachePeak,84,437,919,S,23.4,238.8,7,12,-2.0625,2,21,-2.5,4.8125,25,18,9
2022,ApachePeak,84,437,920,S,23.4,263.63,6,4,0.0625,13,-4,-4.5,4.8125,25,18,9
2023,ApachePeak,84,437,920,S,23.4,238.8,-4,3,-2.0625,2,21,-2.5,4.8125,25,18,9
2022,ApachePeak,84,437,921,S,23.4,263.63,25,74,0.0625,13,-4,-4.5,4.8125,25,18,9
2023,ApachePeak,84,437,921,S,23.4,238.8,24,56,-2.0625,2,21,-2.5,4.8125,25,18,9
2022,ApachePeak,84,437,922,S,23.4,263.63,6,17,0.0625,13,-4,-4.5,4.8125,25,18,9
2023,ApachePeak,84,437,922,S,23.4,238.8,12,22,-2.0625,2,21,-2.5,4.8125,25,18,9
2022,ApachePeak,80,428,923,E,21,265.61,16,13,4.375,10,-5,7,6.5625,20,13,4
2023,ApachePeak,80,428,923,E,21,238.66,17,60,-8.6875,7,15,-7,6.5625,20,13,4
2022,ApachePeak,80,428,924,E,21,265.61,27,25,4.375,10,-5,7,6.5625,20,13,4
2023,ApachePeak,80,428,924,E,21,238.66,6,69,-8.6875,7,15,-7,6.5625,20,13,4
2022,ApachePeak,80,428,925,E,21,265.61,19,25,4.375,10,-5,7,6.5625,20,13,4
2023,ApachePeak,80,428,925,E,21,238.66,36,102,-8.6875,7,15,-7,6.5625,20,13,4
2022,ApachePeak,80,428,926,E,21,265.61,12,0,4.375,10,-5,7,6.5625,20,13,4
2023,ApachePeak,80,428,926,E,21,238.66,26,110,-8.6875,7,15,-7,6.5625,20,13,4
2022,ApachePeak,80,428,927,E,21,265.61,57,94,4.375,10,-5,7,6.5625,20,13,4
2023,ApachePeak,80,428,927,E,21,238.66,66,191,-8.6875,7,15,-7,6.5625,20,13,4
2022,ApachePeak,80,428,928,E,21,265.61,10,6,4.375,10,-5,7,6.5625,20,13,4
2023,ApachePeak,80,428,928,E,21,238.66,11,50,-8.6875,7,15,-7,6.5625,20,13,4
2022,ApachePeak,80,428,929,E,21,265.61,26,27,4.375,10,-5,7,6.5625,20,13,4
2023,ApachePeak,80,428,929,E,21,238.66,6,52,-8.6875,7,15,-7,6.5625,20,13,4
2022,ApachePeak,80,428,930,E,21,265.61,19,22,4.375,10,-5,7,6.5625,20,13,4
2023,ApachePeak,80,428,930,E,21,238.66,23,89,-8.6875,7,15,-7,6.5625,20,13,4
2022,ApachePeak,80,428,931,E,21,265.61,21,-7,4.375,10,-5,7,6.5625,20,13,4
2023,ApachePeak,80,428,931,E,21,238.66,30,130,-8.6875,7,15,-7,6.5625,20,13,4
2022,ApachePeak,80,428,932,E,21,265.61,5,2,4.375,10,-5,7,6.5625,20,13,4
2023,ApachePeak,80,428,932,E,21,238.66,9,41,-8.6875,7,15,-7,6.5625,20,13,4
2022,ApachePeak,80,429,933,E,20,265.61,19,-4,4.9375,-3,-6,6,4.625,18,10,5
2023,ApachePeak,80,429,933,E,20,238.66,3,34,-7.0625,10,14,-7,4.625,18,10,5
2022,ApachePeak,80,429,934,E,20,265.61,13,5,4.9375,-3,-6,6,4.625,18,10,5
2023,ApachePeak,80,429,934,E,20,238.66,-3,15,-7.0625,10,14,-7,4.625,18,10,5
2022,ApachePeak,80,429,935,E,20,265.61,20,3,4.9375,-3,-6,6,4.625,18,10,5
2023,ApachePeak,80,429,935,E,20,238.66,2,38,-7.0625,10,14,-7,4.625,18,10,5
2022,ApachePeak,80,429,936,E,20,265.61,22,3,4.9375,-3,-6,6,4.625,18,10,5
2023,ApachePeak,80,429,936,E,20,238.66,28,100,-7.0625,10,14,-7,4.625,18,10,5
2022,ApachePeak,80,429,937,E,20,265.61,25,2,4.9375,-3,-6,6,4.625,18,10,5
2023,ApachePeak,80,429,937,E,20,238.66,3,53,-7.0625,10,14,-7,4.625,18,10,5
2022,ApachePeak,80,429,938,E,20,265.61,0,0,4.9375,-3,-6,6,4.625,18,10,5
2023,ApachePeak,80,429,938,E,20,238.66,4,13,-7.0625,10,14,-7,4.625,18,10,5
2022,ApachePeak,80,429,939,E,20,265.61,26,15,4.9375,-3,-6,6,4.625,18,10,5
2023,ApachePeak,80,429,939,E,20,238.66,0,52,-7.0625,10,14,-7,4.625,18,10,5
2022,ApachePeak,80,429,940,E,20,265.61,14,14,4.9375,-3,-6,6,4.625,18,10,5
2023,ApachePeak,80,429,940,E,20,238.66,20,61,-7.0625,10,14,-7,4.625,18,10,5
2022,ApachePeak,80,429,941,E,20,265.61,15,4,4.9375,-3,-6,6,4.625,18,10,5
2023,ApachePeak,80,429,941,E,20,238.66,8,42,-7.0625,10,14,-7,4.625,18,10,5
2022,ApachePeak,80,429,942,E,20,265.61,36,23,4.9375,-3,-6,6,4.625,18,10,5
2023,ApachePeak,80,429,942,E,20,238.66,9,62,-7.0625,10,14,-7,4.625,18,10,5
